StationName,delay_counts_by_station,total_counts_by_station,%_delayed_by_station
ABHLJN,8,23,34.78260869565217
ABRD27,0,1,0.0
ALSTONS,4,9,44.44444444444444
ARBRUNS,0,2,0.0
ARMLJCN,0,1,0.0
ASHFDYW,12,28,42.857142857142854
ASHFKCY,0,3,0.0
ASHFKDY,0,6,0.0
ATTRCLI,0,1,0.0
AYRR853,1,1,100.0
Abbey Wood (London),2,63,3.1746031746031744
Aber,2,31,6.451612903225806
Abercynon,1,33,3.0303030303030303
Aberdeen,0,2,0.0
Aberdour,2,19,10.526315789473683
Aberdovey,0,3,0.0
Abererch,0,2,0.0
Abergavenny,0,11,0.0
Abergele & Pensarn,0,3,0.0
Accrington,3,18,16.666666666666664
Acklington,0,2,0.0
Acle,0,1,0.0
Acocks Green,0,7,0.0
Acton Bridge,0,17,0.0
Acton Central,2,51,3.9215686274509802
Acton Main Line,4,35,11.428571428571429
Adderley Park,1,8,12.5
Addiewell,0,7,0.0
Addlestone,2,18,11.11111111111111
Adisham,2,13,15.384615384615385
Adlington (Cheshire),1,5,20.0
Adlington (Lancs),0,2,0.0
Adwick,0,6,0.0
Aigburth,0,55,0.0
Ainsdale,9,79,11.39240506329114
Aintree,1,53,1.8867924528301887
Airbles,0,21,0.0
Airdrie,0,14,0.0
Albany Park,0,68,0.0
Albrighton,0,18,0.0
Alderley Edge,0,9,0.0
Aldermaston,0,8,0.0
Aldershot,0,17,0.0
Aldrington,0,20,0.0
Alexandra Palace,9,93,9.67741935483871
Alexandra Parade,0,5,0.0
Alexandria,0,6,0.0
Alfreton,4,25,16.0
Allens West,0,7,0.0
Alness,0,1,0.0
Alnmouth,6,42,14.285714285714285
Alresford (Essex),0,2,0.0
Alsager,2,11,18.181818181818183
Althorne,0,5,0.0
Althorpe,0,4,0.0
Altnabreac,0,1,0.0
Altrincham,0,2,0.0
Alvechurch,0,27,0.0
Ambergate,0,5,0.0
Amberley,0,20,0.0
Amersham,0,22,0.0
Ammanford,0,1,0.0
Ancaster,1,2,50.0
Anderston,8,82,9.75609756097561
Andover,0,10,0.0
Anerley,0,34,0.0
Angmering,0,54,0.0
Annan,0,3,0.0
Anniesland,13,57,22.807017543859647
Ansdell & Fairhaven,0,8,0.0
Apperley Bridge,0,9,0.0
Appleby,0,8,0.0
Appledore (Kent),0,2,0.0
Appleford,0,1,0.0
Appley Bridge,0,2,0.0
Apsley,2,14,14.285714285714285
Arbroath,2,10,20.0
Ardgay,0,1,0.0
Ardlui,0,3,0.0
Ardrossan South Beach,0,22,0.0
Ardrossan Town,0,12,0.0
Argyle Street,10,81,12.345679012345679
Arisaig,0,3,0.0
Arlesey,0,28,0.0
Armadale (W Lothian),0,14,0.0
Armathwaite,0,2,0.0
Arnside,0,6,0.0
Arram,0,2,0.0
Arrochar & Tarbet,0,2,0.0
Arundel,0,22,0.0
Ascot,0,9,0.0
Ash,2,17,11.76470588235294
Ash Vale,0,18,0.0
Ashburys,0,14,0.0
Ashchurch for Tewkesbury,3,11,27.27272727272727
Ashfield,0,3,0.0
Ashford (Surrey),3,32,9.375
Ashford International,9,60,15.0
Ashley,0,1,0.0
Ashtead,0,29,0.0
Ashton-under-Lyne,0,1,0.0
Ashurst (Kent),0,8,0.0
Ashurst New Forest,1,2,50.0
Ashwell & Morden,6,48,12.5
Askam,0,6,0.0
Aslockton,1,8,12.5
Aspatria,0,6,0.0
Aspley Guise,0,2,0.0
Aston,0,62,0.0
Atherstone,1,9,11.11111111111111
Atherton,0,4,0.0
Attenborough,0,9,0.0
Attleborough,0,3,0.0
Auchinleck,0,5,0.0
Audley End,14,34,41.17647058823529
Aughton Park,1,56,1.7857142857142856
Aviemore,1,11,9.090909090909092
Avoncliff,0,6,0.0
Avonmouth,0,8,0.0
Axminster,0,6,0.0
Aylesbury,0,15,0.0
Aylesford,0,22,0.0
Aylesham,1,11,9.090909090909092
Ayr,0,4,0.0
BEDYNRS,0,2,0.0
BESJGL,10,14,71.42857142857143
BLTCDGL,1,1,100.0
BLTCUGL,2,3,66.66666666666666
BOGNS55,8,10,80.0
BOWERRL,15,49,30.612244897959183
BOWJ,0,6,0.0
BOWSTRT,0,8,0.0
BRENTX,8,84,9.523809523809524
BREWRYS,1,1,100.0
BRGH280,0,1,0.0
BRGHRC,8,10,80.0
BRGLCAR,0,1,0.0
BRGLVAL,0,1,0.0
BRINKLW,0,1,0.0
BROHLME,0,1,0.0
BRST720,3,3,100.0
BRSTEDT,0,6,0.0
BRSTLWJ,9,11,81.81818181818183
BSBYJN,0,1,0.0
BSCTULP,1,1,100.0
BSTWDPJ,0,4,0.0
BTHM995,0,2,0.0
Bache,0,72,0.0
Baglan,0,4,0.0
Bagshot,0,4,0.0
Baildon,0,5,0.0
Baillieston,0,38,0.0
Balcombe,0,29,0.0
Baldock,11,50,22.0
Balham,0,62,0.0
Bamber Bridge,0,7,0.0
Bamford,0,3,0.0
Banavie,0,3,0.0
Banbury,1,76,1.3157894736842104
Bangor (Gwynedd),0,9,0.0
Bank Hall,9,77,11.688311688311687
Banstead,0,10,0.0
Barassie,0,24,0.0
Bardon Mill,0,4,0.0
Bare Lane,1,3,33.33333333333333
Bargeddie,0,37,0.0
Bargoed,0,16,0.0
Barking,2,181,1.1049723756906076
Barming,1,14,7.142857142857142
Barmouth,0,1,0.0
Barnehurst,1,83,1.2048192771084338
Barnes,2,39,5.128205128205128
Barnes Bridge,2,22,9.090909090909092
Barnetby,0,18,0.0
Barnham,0,91,0.0
Barnhill,0,5,0.0
Barnsley,5,18,27.77777777777778
Barnt Green,0,41,0.0
Barrhead,0,18,0.0
Barrow Haven,0,2,0.0
Barrow upon Soar,0,5,0.0
Barrow-in-Furness,0,4,0.0
Barry,6,56,10.714285714285714
Barry Docks,6,41,14.634146341463413
Basildon,0,62,0.0
Basingstoke,3,60,5.0
Bat & Ball,1,38,2.631578947368421
Bath Spa,0,41,0.0
Bathgate,0,17,0.0
Batley,1,4,25.0
Battersea Park,0,47,0.0
Battle,1,31,3.225806451612903
Battlesbridge,0,7,0.0
Bayford,2,19,10.526315789473683
Beaconsfield,0,72,0.0
Bearley,0,16,0.0
Bearsden,10,20,50.0
Bearsted,1,20,5.0
Beasdale,0,2,0.0
Beaulieu Road,0,2,0.0
Beauly,0,1,0.0
Bebington,0,108,0.0
Beccles,0,2,0.0
Beckenham Hill,2,49,4.081632653061225
Beckenham Junction,0,23,0.0
Bedford,47,72,65.27777777777779
Bedhampton,1,14,7.142857142857142
Bedminster,0,9,0.0
Bedworth,0,2,0.0
Bedwyn,0,2,0.0
Beeston,2,42,4.761904761904762
Bekesbourne,2,15,13.333333333333334
Belle Vue,0,2,0.0
Bellgrove,4,34,11.76470588235294
Bellingham,4,50,8.0
Bellshill,0,35,0.0
Belmont,0,13,0.0
Belper,0,8,0.0
Beltring,0,8,0.0
Belvedere,1,52,1.9230769230769231
Bempton,0,1,0.0
Ben Rhydding,0,11,0.0
Benfleet,0,95,0.0
Bentley (Hants),0,8,0.0
Bentley (S Yorks),0,8,0.0
Bere Alston,0,6,0.0
Bere Ferrers,0,3,0.0
Berkhamsted,7,26,26.923076923076923
Berkswell,1,24,4.166666666666666
Bermuda Park,0,1,0.0
Berry Brow,2,5,40.0
Berrylands,1,14,7.142857142857142
Berwick (Sussex),0,11,0.0
Berwick-upon-Tweed,17,75,22.666666666666664
Bescot Stadium,3,20,15.0
Betchworth,0,6,0.0
Bethnal Green,1,86,1.1627906976744187
Beverley,0,10,0.0
Bexhill,0,28,0.0
Bexley,0,64,0.0
Bexleyheath,1,67,1.4925373134328357
Bicester North,0,55,0.0
Bicester Village,0,72,0.0
Bickley,2,59,3.389830508474576
Bidston,1,54,1.8518518518518516
Biggleswade,0,36,0.0
Bilbrook,0,15,0.0
Billericay,8,29,27.586206896551722
Billingham,0,4,0.0
Billingshurst,0,21,0.0
Bingham,1,12,8.333333333333332
Bingley,0,15,0.0
Birchgrove,6,12,50.0
Birchington-on-Sea,2,37,5.405405405405405
Birchwood,0,9,0.0
Birkbeck,0,7,0.0
Birkdale,9,82,10.975609756097562
Birkenhead Central,0,108,0.0
Birkenhead Hamilton Square,0,220,0.0
Birkenhead North,0,117,0.0
Birkenhead Park,0,120,0.0
Birmingham International,3,58,5.172413793103448
Birmingham Moor Street,8,44,18.181818181818183
Birmingham New Street,27,244,11.065573770491802
Birmingham Snow Hill,0,15,0.0
Bishopbriggs,0,12,0.0
Bishops Stortford,18,37,48.64864864864865
Bishopstone,0,14,0.0
Bishopton,0,53,0.0
Bitterne,0,5,0.0
Blackburn,4,26,15.384615384615385
Blackheath,0,50,0.0
Blackhorse Road,0,58,0.0
Blackpool North,3,5,60.0
Blackpool Pleasure Beach,0,8,0.0
Blackridge,0,21,0.0
Blackrod,0,4,0.0
Blackwater,3,18,16.666666666666664
Blair Atholl,0,6,0.0
Blairhill,3,28,10.714285714285714
Blake Street,0,31,0.0
Blakedown,0,4,0.0
Blantyre,6,47,12.76595744680851
Blaydon,0,9,0.0
Bleasby,0,5,0.0
Bletchley,9,33,27.27272727272727
Bloxwich,1,16,6.25
Bloxwich North,1,17,5.88235294117647
Blundellsands & Crosby,9,81,11.11111111111111
Blythe Bridge,0,1,0.0
Bodmin Parkway,0,21,0.0
Bognor Regis,0,2,0.0
Bogston,0,20,0.0
Bolton,1,29,3.4482758620689653
Bolton-Upon-Dearne,0,2,0.0
Bond Street Station,17,215,7.906976744186046
Bookham,0,7,0.0
Bootle (Cumbria),0,3,0.0
Bootle New Strand,9,76,11.842105263157894
Bootle Oriel Road,9,80,11.25
Bordesley,0,1,0.0
Borough Green & Wrotham,1,25,4.0
Borth,0,9,0.0
Bosham,0,21,0.0
Boston,1,10,10.0
Botley,0,7,0.0
Bottesford,1,9,11.11111111111111
Bourne End,0,3,0.0
Bournemouth,2,21,9.523809523809524
Bournville,0,36,0.0
Bow Brickhill,0,1,0.0
Bowes Park,3,33,9.090909090909092
Bowling,0,12,0.0
Box Hill & Westhumble,0,14,0.0
Bracknell,0,10,0.0
Bradford Interchange,4,75,5.333333333333334
Bradford-on-Avon,0,23,0.0
Brading,0,6,0.0
Braintree Freeport,0,4,0.0
Bramhall,1,10,10.0
Bramley (Hants),0,16,0.0
Bramley (West Yorks),0,26,0.0
Brampton (Cumbria),0,3,0.0
Brampton (Suffolk),0,3,0.0
Branchton,0,16,0.0
Brandon,0,1,0.0
Branksome,2,22,9.090909090909092
Braystones,0,1,0.0
Bredbury,0,2,0.0
Breich,0,6,0.0
Brentford,2,20,10.0
Brentwood,1,97,1.0309278350515463
Bricket Wood,0,1,0.0
Bridge of Allan,0,13,0.0
Bridge of Orchy,0,1,0.0
Bridgend,5,41,12.195121951219512
Bridgeton,10,85,11.76470588235294
Bridgwater,0,17,0.0
Bridlington,0,5,0.0
Brierfield,1,5,20.0
Brigg,0,2,0.0
Brighouse,0,25,0.0
Brighton,8,13,61.53846153846154
Brimsdown,0,17,0.0
Brinnington,0,3,0.0
Bristol Parkway,8,136,5.88235294117647
Bristol Temple Meads,5,108,4.62962962962963
Brithdir,0,9,0.0
Briton Ferry,0,3,0.0
Brixton,0,24,0.0
Broad Green,0,12,0.0
Broadbottom,0,7,0.0
Broadstairs,2,27,7.4074074074074066
Brockenhurst,3,24,12.5
Brockholes,2,4,50.0
Brockley,0,71,0.0
Brockley Whins,12,23,52.17391304347826
Bromborough,0,105,0.0
Bromborough Rake,0,106,0.0
Bromley Cross,1,5,20.0
Bromley South,7,99,7.07070707070707
Bromsgrove,0,13,0.0
Brondesbury,2,116,1.7241379310344827
Brondesbury Park,2,119,1.680672268907563
Brookmans Park,2,20,10.0
Brookwood,0,17,0.0
Broome,0,2,0.0
Brora,0,1,0.0
Brough,6,49,12.244897959183673
Broughty Ferry,0,3,0.0
Broxbourne,17,55,30.909090909090907
Bruce Grove,1,44,2.272727272727273
Brundall,0,2,0.0
Brunstane,0,8,0.0
Brunswick,0,59,0.0
Bruton,0,4,0.0
Bryn,0,6,0.0
Buckley,0,18,0.0
Bucknell,0,2,0.0
Buckshaw Parkway,0,8,0.0
Bugle,0,1,0.0
Bulwell,0,13,0.0
Bures,2,5,40.0
Burgess Hill,0,76,0.0
Burley Park,0,18,0.0
Burley-in-Wharfedale,0,11,0.0
Burnage,0,8,0.0
Burneside (Cumbria),0,4,0.0
Burnham (Berks),5,61,8.19672131147541
Burnham-on-Crouch,0,6,0.0
Burnley Barracks,1,4,25.0
Burnley Central,1,1,100.0
Burnley Manchester Road,2,7,28.57142857142857
Burnside (Strathclyde),0,18,0.0
Burntisland,2,18,11.11111111111111
Burscough Bridge,0,2,0.0
Burscough Junction,0,2,0.0
Bursledon,0,6,0.0
Burton Joyce,0,5,0.0
Burton-on-Trent,1,45,2.2222222222222223
Bury St Edmunds,2,15,13.333333333333334
Busby,0,27,0.0
Bush Hill Park,0,32,0.0
Bushey,2,36,5.555555555555555
Butlers Lane,0,31,0.0
Buxted,0,9,0.0
Byfleet & New Haw,0,18,0.0
Bynea,0,1,0.0
CAMB147,4,5,80.0
CAMB177,0,1,0.0
CANT637,0,4,0.0
CANWHRF,11,128,8.59375
CARD048,6,6,100.0
CARD328,2,2,100.0
CARD342,5,5,100.0
CARDBKY,6,7,85.71428571428571
CARLNEC,11,12,91.66666666666666
CATE361,14,15,93.33333333333333
CDDRDPL,1,1,100.0
CGFR984,0,1,0.0
CHAFRSS,1,3,33.33333333333333
CHALLOW,1,1,100.0
CHCHSTY,0,1,0.0
CHINCS4,0,1,0.0
CHLT422,4,6,66.66666666666666
CHLTNHS,1,2,50.0
CHRDJSB,4,4,100.0
CHST527,10,12,83.33333333333334
CHST528,10,10,100.0
CHSTRMY,5,5,100.0
CHSTRNJ,27,27,100.0
CHSTRSJ,5,5,100.0
CIVI,15,34,44.11764705882353
CLACTWR,12,15,80.0
CLCHUP,0,1,0.0
CLITHJN,1,1,100.0
CLPHMYM,28,39,71.7948717948718
CLPHS47,1,1,100.0
CMBRDRS,7,7,100.0
CMDN202,0,1,0.0
CMDNJN,0,1,0.0
CMRNBDG,0,10,0.0
CNNBELL,0,48,0.0
CNTBW1,4,4,100.0
CNTBWGL,4,4,100.0
COOMJGF,0,2,0.0
COPR105,0,8,0.0
COSFDGL,0,1,0.0
CREW105,2,2,100.0
CREW142,4,5,80.0
CREWCET,3,5,60.0
CREWMRB,2,2,100.0
CRFDSPR,1,11,9.090909090909092
CRFTESP,0,3,0.0
CRFTNEJ,0,1,0.0
CRGNTYJ,6,9,66.66666666666666
CRKLREC,32,41,78.04878048780488
CRKLWRL,30,36,83.33333333333334
CRNFRHS,0,1,0.0
CRNFSJN,0,6,0.0
CROESNF,1,1,100.0
CRST437,0,2,0.0
CRYS167,0,2,0.0
CUSTMHS,12,121,9.917355371900827
CWDN941,2,2,100.0
CWLRSWJ,1,3,33.33333333333333
Cadoxton,6,46,13.043478260869565
Caergwrle,0,19,0.0
Caerphilly,2,37,5.405405405405405
Caersws,0,5,0.0
Caldercruix,0,24,0.0
Caldicot,2,10,20.0
Caledonian Road & Barnsbury,2,115,1.7391304347826086
Calstock,0,3,0.0
Cam & Dursley,0,9,0.0
Camberley,0,10,0.0
Camborne,0,12,0.0
Cambridge,14,40,35.0
Cambridge Heath (London),1,42,2.380952380952381
Cambridge North,1,11,9.090909090909092
Cambuslang,10,71,14.084507042253522
Camden Road,2,119,1.680672268907563
Camelon,0,18,0.0
Canada Water,0,68,0.0
Canley,1,23,4.3478260869565215
Cannock,2,22,9.090909090909092
Canonbury,2,115,1.7391304347826086
Canterbury East,2,19,10.526315789473683
Canterbury West,0,18,0.0
Cantley,0,1,0.0
Capenhurst,0,47,0.0
Carbis Bay,0,5,0.0
Cardenden,0,6,0.0
Cardiff Central,23,115,20.0
Cardiff Queen Street,16,93,17.20430107526882
Cardonald,0,29,0.0
Cardross,3,19,15.789473684210526
Carfin,0,7,0.0
Cark,0,8,0.0
Carlisle,3,57,5.263157894736842
Carlton,0,5,0.0
Carluke,0,23,0.0
Carmarthen,0,6,0.0
Carmyle,0,43,0.0
Carnforth,0,7,0.0
Carnoustie,0,2,0.0
Carntyne,4,31,12.903225806451612
Carpenders Park,0,21,0.0
Carrbridge,0,4,0.0
Carshalton,0,29,0.0
Carshalton Beeches,0,28,0.0
Carstairs,0,18,0.0
Cartsdyke,0,23,0.0
Castle Bar Park,0,4,0.0
Castle Cary,2,15,13.333333333333334
Castleford,0,10,0.0
Castleton (Manchester),0,6,0.0
Catford,2,41,4.878048780487805
Catford Bridge,0,27,0.0
Cathays,2,36,5.555555555555555
Cathcart,0,50,0.0
Cattal,0,12,0.0
Causeland,0,1,0.0
Cefn-y-Bedd,0,17,0.0
Chadwell Heath,1,125,0.8
Chafford Hundred,0,31,0.0
Chalfont & Latimer,0,13,0.0
Chalkwell,0,93,0.0
Chandlers Ford,0,4,0.0
Chapel-en-le-Frith,0,9,0.0
Chapeltown,0,7,0.0
Chappel & Wakes Colne,2,5,40.0
Charing (Kent),1,18,5.555555555555555
Charing Cross (Glasgow),4,33,12.121212121212121
Charlbury,0,10,0.0
Charlton,1,60,1.6666666666666667
Chartham,0,14,0.0
Chassen Road,0,2,0.0
Chatelherault,0,24,0.0
Chatham,5,72,6.944444444444445
Cheadle Hulme,1,11,9.090909090909092
Cheam,0,23,0.0
Cheddington,4,15,26.666666666666668
Chelford,0,6,0.0
Chelmsford,1,31,3.225806451612903
Chelsfield,0,35,0.0
Cheltenham Spa,4,104,3.8461538461538463
Chepstow,2,13,15.384615384615385
Cherry Tree,0,11,0.0
Chertsey,2,23,8.695652173913043
Cheshunt,18,61,29.508196721311474
Chessington North,0,4,0.0
Chester,24,53,45.28301886792453
Chester Road,0,49,0.0
Chester-le-Street,0,5,0.0
Chesterfield,4,78,5.128205128205128
Chestfield & Swalecliffe,2,29,6.896551724137931
Chichester,6,73,8.21917808219178
Chilham,0,10,0.0
Chilworth,0,6,0.0
Chinley,0,2,0.0
Chippenham,0,19,0.0
Chipstead,0,8,0.0
Chirk,0,6,0.0
Chislehurst,0,57,0.0
Chiswick,2,27,7.4074074074074066
Cholsey,0,14,0.0
Chorley,0,14,0.0
Chorleywood,0,13,0.0
Christchurch,3,20,15.0
Christs Hospital,0,18,0.0
Church & Oswaldtwistle,1,7,14.285714285714285
Church Fenton,2,13,15.384615384615385
Church Stretton,0,6,0.0
City Thameslink,13,153,8.49673202614379
Clandon,0,14,0.0
Clapham (N Yorks),0,2,0.0
Clapham High Street,0,17,0.0
Clapham Junction,7,370,1.891891891891892
Clapton,0,54,0.0
Clarbeston Road,0,4,0.0
Clarkston,0,22,0.0
Claverdon,0,17,0.0
Claygate,0,3,0.0
Cleland,0,7,0.0
Clifton Down,0,9,0.0
Clock House,0,22,0.0
Clunderwen,0,5,0.0
Clydebank,1,53,1.8867924528301887
Coatbridge Central,0,5,0.0
Coatbridge Sunnyside,4,44,9.090909090909092
Coatdyke,3,29,10.344827586206897
Cobham & Stoke d'Abernon,0,4,0.0
Codsall,0,20,0.0
Cogan,5,38,13.157894736842104
Colchester,3,44,6.8181818181818175
Coleshill Parkway,0,26,0.0
Collingham,0,5,0.0
Collington,0,19,0.0
Colwall,0,1,0.0
Colwyn Bay,0,10,0.0
Commondale,0,1,0.0
Congleton,1,4,25.0
Conisbrough,0,4,0.0
Cononley,0,12,0.0
Conway Park,0,109,0.0
Conwy,0,1,0.0
Cooden Beach,0,22,0.0
Cookham,0,8,0.0
Cooksbridge,0,15,0.0
Copplestone,0,6,0.0
Corbridge,0,7,0.0
Corby,20,21,95.23809523809523
Corkerhill,0,20,0.0
Corkickle,0,9,0.0
Corpach,0,3,0.0
Corrour,0,2,0.0
Coseley,1,19,5.263157894736842
Cosford,0,15,0.0
Cosham,0,42,0.0
Cottingham,0,10,0.0
Cottingley,1,4,25.0
Coulsdon South,2,33,6.0606060606060606
Coulsdon Town,0,10,0.0
Coventry,2,84,2.380952380952381
Coventry Arena,0,1,0.0
Cowden,0,6,0.0
Cowdenbeath,0,8,0.0
Cradley Heath,0,10,0.0
Craigendoran,3,18,16.666666666666664
Cramlington,0,2,0.0
Cranbrook,1,6,16.666666666666664
Craven Arms,0,7,0.0
Crawley,4,45,8.88888888888889
Crayford,0,66,0.0
Crediton,0,10,0.0
Cressing,0,4,0.0
Cressington,0,58,0.0
Creswell (Derbys),0,12,0.0
Crewe,18,120,15.0
Crewkerne,0,7,0.0
Crews Hill,2,27,7.4074074074074066
Crianlarich,0,4,0.0
Criccieth,0,2,0.0
Cricklewood,80,150,53.333333333333336
Croftfoot,0,19,0.0
Crofton Park,2,34,5.88235294117647
Cromer,0,4,0.0
Cromford,0,2,0.0
Crookston,0,21,0.0
Cross Gates,0,6,0.0
Crossflatts,0,11,0.0
Crosshill,0,46,0.0
Crosskeys,0,12,0.0
Crossmyloof,0,41,0.0
Crouch Hill,0,56,0.0
Crowborough,0,8,0.0
Crowhurst,0,17,0.0
Crowle,0,5,0.0
Crowthorne,2,7,28.57142857142857
Croy,0,23,0.0
Crystal Palace,0,40,0.0
Cuffley,2,30,6.666666666666667
Culham,0,10,0.0
Culrain,0,1,0.0
Cumbernauld,0,6,0.0
Cupar,0,11,0.0
Curriehill,0,6,0.0
Cuxton,0,21,0.0
Cwmbach,1,27,3.7037037037037033
Cwmbran,0,11,0.0
Cynghordy,0,1,0.0
DALMRDS,4,6,66.66666666666666
DIDCWE,3,3,100.0
DLMYDPL,2,2,100.0
DLTNCGT,0,1,0.0
DLTNDPL,0,1,0.0
DLTNRIM,0,1,0.0
DOVE621,1,1,100.0
DOVYDPL,0,1,0.0
DRBYCHC,7,18,38.88888888888889
DRNSFDR,0,1,0.0
DUNDWRL,2,4,50.0
DUNROD,0,8,0.0
DUNS,0,1,0.0
Dagenham Dock,0,33,0.0
Daisy Hill,0,5,0.0
Dalgety Bay,2,17,11.76470588235294
Dalmarnock,10,89,11.235955056179774
Dalmeny,1,16,6.25
Dalmuir,3,39,7.6923076923076925
Dalreoch,3,28,10.714285714285714
Dalry,0,23,0.0
Dalston (Cumbria),0,3,0.0
Dalston Junction,0,37,0.0
Dalston Kingsland,2,111,1.8018018018018018
Dalton,0,6,0.0
Dalwhinnie,0,4,0.0
Danescourt,1,15,6.666666666666667
Danzey,0,1,0.0
Darlington,19,174,10.919540229885058
Darnall,1,3,33.33333333333333
Darsham,0,1,0.0
Dartford,1,63,1.5873015873015872
Darton,0,4,0.0
Darwen,1,3,33.33333333333333
Datchet,1,21,4.761904761904762
Davenport,0,7,0.0
Dawlish,0,29,0.0
Dawlish Warren,0,19,0.0
Deal,0,11,0.0
Dean,0,6,0.0
Deansgate,0,17,0.0
Deganwy,0,1,0.0
Deighton,1,8,12.5
Delamere,0,2,0.0
Denby Dale,2,7,28.57142857142857
Denham,0,20,0.0
Denham Golf Club,0,9,0.0
Denmark Hill,2,67,2.9850746268656714
Dent,0,5,0.0
Deptford,2,70,2.857142857142857
Derby,11,149,7.38255033557047
Derby Road (Ipswich),0,6,0.0
Devonport,0,7,0.0
Dewsbury,1,21,4.761904761904762
Didcot Parkway,0,42,0.0
Digby & Sowton,0,17,0.0
Dilton Marsh,0,5,0.0
Dinas (Rhondda),2,12,16.666666666666664
Dinas Powys,6,45,13.333333333333334
Dingle Road,6,19,31.57894736842105
Dingwall,0,2,0.0
Dinsdale,0,13,0.0
Dinting,0,5,0.0
Disley,0,5,0.0
Diss,0,14,0.0
Dodworth,1,6,16.666666666666664
Dolwyddelan,0,1,0.0
Doncaster,9,112,8.035714285714286
Dorchester South,2,15,13.333333333333334
Dorchester West,0,3,0.0
Dore & Totley,0,6,0.0
Dorking,0,5,0.0
Dorking Deepdene,3,24,12.5
Dorking West,0,8,0.0
Dormans,2,16,12.5
Dorridge,0,70,0.0
Dove Holes,0,2,0.0
Dover Priory,0,18,0.0
Dovercourt,0,2,0.0
Dovey Junction,0,10,0.0
Downham Market,0,9,0.0
Drayton Green,0,3,0.0
Drayton Park,7,39,17.94871794871795
Drem,0,9,0.0
Driffield,0,8,0.0
Drigg,0,5,0.0
Droitwich Spa,1,10,10.0
Dronfield,4,12,33.33333333333333
Drumchapel,3,33,9.090909090909092
Drumfrochar,0,16,0.0
Drumgelloch,0,25,0.0
Drumry,3,30,10.0
Duddeston,0,46,0.0
Dudley Port,1,17,5.88235294117647
Duffield,0,12,0.0
Duke Street,0,4,0.0
Dullingham,0,4,0.0
Dumbarton Central,3,32,9.375
Dumbarton East,3,26,11.538461538461538
Dumbreck,0,21,0.0
Dumfries,0,5,0.0
Dumpton Park,2,20,10.0
Dunbar,8,20,40.0
Dunblane,0,5,0.0
Dundee,6,24,25.0
Dunfermline Queen Margaret,1,20,5.0
Dunfermline Town,1,18,5.555555555555555
Dunkeld & Birnam,0,5,0.0
Dunlop,0,14,0.0
Dunrobin Castle,0,1,0.0
Dunston,0,3,0.0
Dunton Green,0,27,0.0
Durham,12,90,13.333333333333334
Durrington-on-Sea,0,33,0.0
Dyce,0,10,0.0
Dyffryn Ardudwy,0,1,0.0
EBOU501,12,16,75.0
EBOUCS,12,16,75.0
EBSFLTI,0,29,0.0
EGRNSID,2,2,100.0
ELGHSLJ,0,1,0.0
ELINTN,3,9,33.33333333333333
ELSN,0,1,0.0
EPSMUS,0,3,0.0
ERITHLP,1,22,4.545454545454546
ERLSUDL,0,1,0.0
EVESWJN,0,1,0.0
EXET677,9,9,100.0
EXET679,4,4,100.0
EXETRNY,1,4,25.0
EXMOJ7,0,3,0.0
Eaglescliffe,0,7,0.0
Ealing Broadway,9,113,7.964601769911504
Earlestown,0,16,0.0
Earley,0,8,0.0
Earlsfield,1,65,1.5384615384615385
Earlswood (Surrey),2,18,11.11111111111111
Earlswood (West Midlands),0,1,0.0
East Boldon,12,22,54.54545454545454
East Croydon,16,246,6.504065040650407
East Didsbury,0,13,0.0
East Dulwich,0,14,0.0
East Farleigh,0,14,0.0
East Garforth,0,4,0.0
East Malling,1,16,6.25
East Midlands Parkway,0,40,0.0
East Tilbury,0,30,0.0
East Worthing,0,21,0.0
Eastbourne,1,33,3.0303030303030303
Eastbrook,5,42,11.904761904761903
Easterhouse,3,25,12.0
Eastham Rake,0,101,0.0
Eastleigh,2,21,9.523809523809524
Eastrington,0,3,0.0
Ebbw Vale Parkway,0,14,0.0
Eccles,0,5,0.0
Eccleston Park,0,6,0.0
Edale,0,4,0.0
Eden Park,0,19,0.0
Edenbridge,0,9,0.0
Edenbridge Town,0,10,0.0
Edge Hill,0,15,0.0
Edinburgh,16,27,59.25925925925925
Edinburgh Gateway,3,38,7.894736842105263
Edinburgh Park,0,40,0.0
Edmonton Green,1,44,2.272727272727273
Effingham Junction,0,16,0.0
Eggesford,0,5,0.0
Egham,3,28,10.714285714285714
Elephant & Castle,2,85,2.3529411764705883
Elgin,0,6,0.0
Elmers End,0,19,0.0
Elmstead Woods,0,64,0.0
Elmswell,0,7,0.0
Elsecar,0,5,0.0
Elsenham,10,16,62.5
Elstree & Borehamwood,12,91,13.186813186813188
Eltham,1,66,1.5151515151515151
Elton & Orston,1,2,50.0
Ely,0,31,0.0
Emerson Park,0,32,0.0
Emsworth,0,67,0.0
Energlyn & Churchill Park,2,21,9.523809523809524
Enfield Chase,3,31,9.67741935483871
Enfield Lock,0,29,0.0
Entwistle,1,2,50.0
Epsom,0,44,0.0
Erdington,0,41,0.0
Eridge,0,10,0.0
Erith,1,56,1.7857142857142856
Esher,0,19,0.0
Eskbank,0,6,0.0
Essex Road,7,42,16.666666666666664
Etchingham,1,31,3.225806451612903
Euxton Balshaw Lane,0,2,0.0
Evesham,0,12,0.0
Ewell East,0,21,0.0
Ewell West,0,15,0.0
Exeter Central,1,24,4.166666666666666
Exeter St Davids,5,115,4.3478260869565215
Exeter St Thomas,0,13,0.0
Exhibition Centre (Glasgow),8,85,9.411764705882353
Exton,0,6,0.0
Eynsford,1,31,3.225806451612903
FARE825,0,1,0.0
FARENJN,0,4,0.0
FAV4352,2,2,100.0
FELL,12,25,48.0
FELTACE,0,3,0.0
FELTALE,0,4,0.0
FRATTSH,0,1,0.0
FRMPKRS,5,15,33.33333333333333
FRNDXR,12,232,5.172413793103448
Fairbourne,0,1,0.0
Fairfield,0,8,0.0
Fairlie,0,11,0.0
Fairwater,1,13,7.6923076923076925
Falconwood,1,66,1.5151515151515151
Falkirk Grahamston,2,16,12.5
Falkirk High,0,25,0.0
Falmer,0,22,0.0
Falmouth Town,0,5,0.0
Fareham,0,53,0.0
Farnborough (Main),0,26,0.0
Farnborough North,2,15,13.333333333333334
Farncombe,1,12,8.333333333333332
Farnham,0,9,0.0
Farningham Road,0,20,0.0
Farnworth,0,1,0.0
Farringdon (London),8,169,4.733727810650888
Fauldhouse,0,10,0.0
Faversham,6,38,15.789473684210526
Faygate,2,7,28.57142857142857
Fazakerley,0,17,0.0
Featherstone,0,4,0.0
Feltham,4,56,7.142857142857142
Feniton,0,3,0.0
Fenny Stratford,0,1,0.0
Fernhill,1,20,5.0
Ferriby,0,10,0.0
Ferryside,0,9,0.0
Ffairfach,0,1,0.0
Filey,0,3,0.0
Filton Abbey Wood,0,20,0.0
Finchley Road & Frognal,2,115,1.7391304347826086
Finsbury Park,13,146,8.904109589041095
Finstock,0,1,0.0
Fishbourne,0,22,0.0
Fishersgate,0,18,0.0
Fiskerton,0,6,0.0
Fitzwilliam,0,12,0.0
Five Ways,0,36,0.0
Fleet,0,11,0.0
Flimby,0,4,0.0
Flint,0,13,0.0
Flitwick,6,69,8.695652173913043
Flixton,0,4,0.0
Flowery Field,0,5,0.0
Folkestone Central,0,23,0.0
Folkestone West,1,29,3.4482758620689653
Ford,0,61,0.0
Forest Gate,1,118,0.847457627118644
Forest Hill,0,76,0.0
Formby,9,81,11.11111111111111
Forres,0,6,0.0
Forsinard,0,1,0.0
Fort Matilda,0,25,0.0
Fort William,0,3,0.0
Four Oaks,0,30,0.0
Foxfield,0,3,0.0
Foxton,4,19,21.052631578947366
Frant,0,23,0.0
Fratton,4,64,6.25
Freshfield,9,78,11.538461538461538
Freshford,0,10,0.0
Frimley,0,12,0.0
Frinton-on-Sea,0,5,0.0
Frizinghall,0,12,0.0
Frodsham,0,8,0.0
Frome,0,8,0.0
Fulwell,0,6,0.0
Furness Vale,0,7,0.0
Furze Platt,0,8,0.0
GERDXSS,0,1,0.0
GLAZBKE,2,2,100.0
GLNGREC,0,7,0.0
GLNR556,13,14,92.85714285714286
GLOS444,14,16,87.5
GNBARWJ,0,2,0.0
GRTNSHJ,0,2,0.0
GRVPDCE,5,14,35.714285714285715
GRVPDLE,0,2,0.0
GRVPUCE,0,1,0.0
GRVPUHS,0,1,0.0
GRVPULE,0,2,0.0
GRVRBGJ,2,3,66.66666666666666
GSCGNWJ,0,2,0.0
GUIL635,0,1,0.0
Gainsborough Central,0,2,0.0
Gainsborough Lea Road,1,10,10.0
Galashiels,0,14,0.0
Garelochhead,0,1,0.0
Garforth,3,10,30.0
Gargrave,0,4,0.0
Garrowhill,3,19,15.789473684210526
Garscadden,1,58,1.7241379310344827
Garsdale,0,6,0.0
Garston (Herts),0,3,0.0
Garswood,0,6,0.0
Gartcosh,0,5,0.0
Garth (Bridgend),2,11,18.181818181818183
Garve,0,1,0.0
Gathurst,0,1,0.0
Gatley,0,11,0.0
Gatwick Airport,22,196,11.224489795918368
Georgemas Junction,0,1,0.0
Gerrards Cross,0,74,0.0
Gidea Park,1,96,1.0416666666666665
Giffnock,0,26,0.0
Giggleswick,0,1,0.0
Gilberdyke,0,15,0.0
Gilfach Fargoed,1,10,10.0
Gillingham (Dorset),0,3,0.0
Gillingham (Kent),11,74,14.864864864864865
Gilshochill,0,4,0.0
Gipsy Hill,0,35,0.0
Glasgow Central,0,3,0.0
Glasgow Central Low Level,10,79,12.658227848101266
Glasgow Queen Street,4,4,100.0
Glasgow Queen Street Low Level,4,41,9.75609756097561
Glasshoughton,0,2,0.0
Glazebrook,0,3,0.0
Gleneagles,1,6,16.666666666666664
Glenfinnan,0,5,0.0
Glengarnock,0,30,0.0
Glenrothes with Thornton,3,4,75.0
Glossop,0,3,0.0
Gloucester,20,91,21.978021978021978
Glynde,0,22,0.0
Gobowen,0,5,0.0
Godalming,2,16,12.5
Godley,0,7,0.0
Godstone,0,5,0.0
Goldthorpe,0,2,0.0
Golspie,0,2,0.0
Gomshall,0,5,0.0
Goodmayes,1,111,0.9009009009009009
Goole,0,13,0.0
Goostrey,0,16,0.0
Gordon Hill,2,22,9.090909090909092
Gorebridge,0,12,0.0
Goring & Streatley,0,7,0.0
Goring-by-Sea,0,35,0.0
Gorton,0,8,0.0
Gospel Oak,2,108,1.8518518518518516
Gowerton,0,9,0.0
Goxhill,0,1,0.0
Grange Park,3,26,11.538461538461538
Grange-over-Sands,0,7,0.0
Grangetown (Cardiff),11,60,18.333333333333332
Grantham,1,68,1.4705882352941175
Grateley,0,6,0.0
Gravelly Hill,0,48,0.0
Gravesend,1,20,5.0
Grays,0,37,0.0
Great Ayton,0,1,0.0
Great Bentley,0,2,0.0
Great Chesterford,8,19,42.10526315789473
Great Coates,0,1,0.0
Great Malvern,0,5,0.0
Great Missenden,0,22,0.0
Green Lane,0,101,0.0
Green Road,0,3,0.0
Greenbank,0,1,0.0
Greenfaulds,0,14,0.0
Greenfield,0,8,0.0
Greenhithe for Bluewater,1,69,1.4492753623188406
Greenock Central,0,24,0.0
Greenock West,0,27,0.0
Greenwich,2,62,3.225806451612903
Gretna Green,0,4,0.0
Grimsby Town,0,11,0.0
Grindleford,0,2,0.0
Grove Park,0,49,0.0
Guide Bridge,0,11,0.0
Guildford,5,38,13.157894736842104
Guiseley,0,20,0.0
Gunnersbury,1,48,2.083333333333333
Gunton,0,2,0.0
Gwersyllt,0,20,0.0
Gypsy Lane,0,2,0.0
HAMBLEJ,0,1,0.0
HARSLP,0,1,0.0
HARTFDJ,2,2,100.0
HASTS70,8,8,100.0
HAYM520,0,3,0.0
HAYMRCJ,1,1,100.0
HEMSWTH,0,1,0.0
HENWICK,0,2,0.0
HEREDSL,0,3,0.0
HEWOMTR,12,20,60.0
HEXH55,0,1,0.0
HGHIBVJ,1,1,100.0
HLFXRS,5,11,45.45454545454545
HLWY326,4,9,44.44444444444444
HOLBHS,3,3,100.0
HOLME,0,1,0.0
HORD,0,3,0.0
HORS410,2,2,100.0
HOUN375,0,2,0.0
HRGYURV,1,8,12.5
HRNS176,6,11,54.54545454545454
HRNS451,14,25,56.00000000000001
HRNSDRS,3,4,75.0
HSFTTBS,0,1,0.0
HTNOJN,1,1,100.0
HTRBUS2,0,1,0.0
Habrough,0,22,0.0
Hackbridge,0,29,0.0
Hackney Central,2,119,1.680672268907563
Hackney Downs,1,111,0.9009009009009009
Hackney Wick,2,120,1.6666666666666667
Haddenham & Thame Parkway,0,79,0.0
Haddiscoe,0,1,0.0
Hadley Wood,2,19,10.526315789473683
Hag Fold,0,5,0.0
Haggerston,0,67,0.0
Hagley,0,3,0.0
Hairmyres,0,21,0.0
Hale,0,1,0.0
Halesworth,0,2,0.0
Halewood,0,3,0.0
Halifax,4,45,8.88888888888889
Hall Green,1,5,20.0
Hall Road,9,78,11.538461538461538
Hall i' th' Wood,1,5,20.0
Halling,0,23,0.0
Haltwhistle,0,9,0.0
Ham Street,0,2,0.0
Hamble,0,3,0.0
Hamilton Central,6,51,11.76470588235294
Hamilton West,6,45,13.333333333333334
Hammerton,0,11,0.0
Hampden Park (Sussex),0,59,0.0
Hampstead Heath,2,110,1.8181818181818181
Hampton (London),0,5,0.0
Hampton Wick,0,31,0.0
Hampton-in-Arden,1,23,4.3478260869565215
Hamstead (Birmingham),2,15,13.333333333333334
Hamworthy,2,20,10.0
Hanborough,0,7,0.0
Handforth,0,7,0.0
Hanwell,3,35,8.571428571428571
Hapton,1,4,25.0
Harlech,0,1,0.0
Harlesden,56,177,31.63841807909605
Harlington (Beds),6,67,8.955223880597014
Harlow Mill,11,30,36.666666666666664
Harlow Town,16,49,32.6530612244898
Harold Wood,1,101,0.9900990099009901
Harpenden,11,126,8.73015873015873
Harrietsham,1,13,7.6923076923076925
Harringay,3,39,7.6923076923076925
Harringay Green Lanes,0,64,0.0
Harrington,0,10,0.0
Harrogate,0,9,0.0
Harrow & Wealdstone,5,35,14.285714285714285
Harrow-on-the-Hill,0,21,0.0
Hartford,0,18,0.0
Hartlebury,0,4,0.0
Hartlepool,0,8,0.0
Hartwood,0,9,0.0
Harwich International,0,3,0.0
Haslemere,2,18,11.11111111111111
Hassocks,0,68,0.0
Hastings,8,37,21.62162162162162
Hatch End,0,21,0.0
Hatfield & Stainforth,0,7,0.0
Hatfield (Herts),4,51,7.8431372549019605
Hatfield Peverel,0,8,0.0
Hathersage,0,1,0.0
Hattersley,0,12,0.0
Hatton (Warks),0,38,0.0
Havant,4,99,4.040404040404041
Haverfordwest,0,3,0.0
Hawarden,0,21,0.0
Hawarden Bridge,0,20,0.0
Hawkhead,0,19,0.0
Haydon Bridge,0,2,0.0
Haydons Road,0,21,0.0
Hayes & Harlington,9,113,7.964601769911504
Hayle,0,12,0.0
Haymarket,34,174,19.54022988505747
Haywards Heath,10,131,7.633587786259542
Hazel Grove,0,11,0.0
Headcorn,1,30,3.3333333333333335
Headingley,0,17,0.0
Headstone Lane,0,21,0.0
Heald Green,0,15,0.0
Heath High Level,4,37,10.81081081081081
Heath Low Level,6,13,46.15384615384615
Heathrow Airport Terminal 5,0,1,0.0
Heathrow Terminals 1-3,10,89,11.235955056179774
Heaton Chapel,0,10,0.0
Hebden Bridge,2,30,6.666666666666667
Heckington,1,9,11.11111111111111
Hedge End,0,6,0.0
Hednesford,2,18,11.11111111111111
Heighington,0,7,0.0
Helensburgh Upper,0,2,0.0
Hellifield,0,4,0.0
Helmsdale,0,3,0.0
Helsby,0,9,0.0
Hemel Hempstead,9,25,36.0
Hendon,11,72,15.277777777777779
Hengoed,2,30,6.666666666666667
Henley-in-Arden,5,7,71.42857142857143
Henley-on-Thames,0,2,0.0
Hereford,0,10,0.0
Herne Bay,2,40,5.0
Herne Hill,0,45,0.0
Hersham,0,6,0.0
Hertford North,0,18,0.0
Hessle,0,6,0.0
Heswall,0,18,0.0
Hever,0,8,0.0
Heworth,0,3,0.0
Hexham,0,9,0.0
Heyford,0,8,0.0
High Brooms,1,58,1.7241379310344827
High Street (Glasgow),4,36,11.11111111111111
High Wycombe,0,108,0.0
Higham,1,17,5.88235294117647
Highams Park,0,54,0.0
Highbridge & Burnham-on-Sea,0,19,0.0
Highbury & Islington,9,160,5.625
Hightown,9,79,11.39240506329114
Hildenborough,0,28,0.0
Hillfoot,7,15,46.666666666666664
Hillington East,0,27,0.0
Hillington West,0,21,0.0
Hillside,9,83,10.843373493975903
Hilsea,1,43,2.3255813953488373
Hinchley Wood,0,9,0.0
Hinckley,0,8,0.0
Hindley,0,11,0.0
Hinton Admiral,1,9,11.11111111111111
Hitchin,8,98,8.16326530612245
Hither Green,1,116,0.8620689655172413
Hockley,17,40,42.5
Hollingbourne,1,15,6.666666666666667
Holmes Chapel,0,16,0.0
Holmwood,0,6,0.0
Holton Heath,2,7,28.57142857142857
Holytown,0,7,0.0
Homerton,2,120,1.6666666666666667
Honeybourne,0,10,0.0
Honiton,3,9,33.33333333333333
Honley,2,4,50.0
Honor Oak Park,0,76,0.0
Hook,0,11,0.0
Hooton,0,103,0.0
Hope (Flintshire),0,19,0.0
Hopton Heath,0,2,0.0
Horley,6,58,10.344827586206897
Hornbeam Park,0,13,0.0
Hornsey,3,40,7.5
Horsforth,0,14,0.0
Horsham,2,34,5.88235294117647
Horsley,0,15,0.0
Horton-in-Ribblesdale,0,4,0.0
Horwich Parkway,0,7,0.0
Hough Green,0,7,0.0
Hounslow,2,26,7.6923076923076925
Hove,0,64,0.0
Hoveton & Wroxham,0,4,0.0
How Wood (Herts),0,1,0.0
Howden,2,11,18.181818181818183
Howwood (Renfrewshire),0,22,0.0
Hoxton,0,68,0.0
Hoylake,1,54,1.8518518518518516
Hucknall,0,12,0.0
Huddersfield,1,37,2.7027027027027026
Hull,0,14,0.0
Humphrey Park,0,3,0.0
Huncoat,1,5,20.0
Hungerford,0,15,0.0
Hunmanby,0,3,0.0
Huntingdon,1,35,2.857142857142857
Huntly,0,2,0.0
Hunts Cross,0,5,0.0
Hurst Green,2,26,7.6923076923076925
Hutton Cranswick,0,6,0.0
Huyton,2,30,6.666666666666667
Hyde Central,0,2,0.0
Hyde North,0,1,0.0
Hykeham,0,8,0.0
Hyndland,12,106,11.320754716981133
Hythe (Essex),0,3,0.0
ILFE341,2,3,66.66666666666666
INVURTB,0,1,0.0
IPSWSN1,0,3,0.0
IVRKUPL,0,1,0.0
IVRNAIR,0,6,0.0
Ifield,4,32,12.5
Ilford,1,117,0.8547008547008548
Ilkeston,4,14,28.57142857142857
Imperial Wharf,0,43,0.0
Ingatestone,0,10,0.0
Insch,0,2,0.0
Invergordon,0,1,0.0
Invergowrie,0,7,0.0
Inverkeithing,6,52,11.538461538461538
Inverkip,0,20,0.0
Inverness,0,1,0.0
Invershin,0,1,0.0
Inverurie,0,2,0.0
Ipswich,0,13,0.0
Irlam,0,10,0.0
Irvine,0,32,0.0
Isleworth,2,25,8.0
Islip,0,20,0.0
Iver,5,39,12.82051282051282
Ivybridge,0,8,0.0
James Cook University Hospital,0,2,0.0
Jewellery Quarter,0,16,0.0
Johnston (Pembrokeshire),0,2,0.0
Johnstone,0,48,0.0
Jordanhill,2,55,3.6363636363636362
KDRMCHS,0,2,0.0
KEITHLP,0,1,0.0
KENSLGJ,1,2,50.0
KENSLGT,1,2,50.0
KETRSJ,0,2,0.0
KILMLTC,0,1,0.0
KINTORE,0,6,0.0
KLBRUDG,0,2,0.0
KNCRAIG,0,1,0.0
KRKSLDL,0,1,0.0
Kearsley,0,2,0.0
Kearsney,1,17,5.88235294117647
Keighley,0,23,0.0
Keith,0,2,0.0
Kelvedon,0,6,0.0
Kelvindale,0,4,0.0
Kemble,0,12,0.0
Kempston Hardwick,0,2,0.0
Kempton Park,0,2,0.0
Kemsing,1,8,12.5
Kemsley,0,2,0.0
Kendal,0,2,0.0
Kenilworth,2,5,40.0
Kenley,0,10,0.0
Kennett,0,8,0.0
Kennishead,0,22,0.0
Kensal Green,28,140,20.0
Kensal Rise,2,100,2.0
Kensington (Olympia),0,46,0.0
Kent House,0,35,0.0
Kentish Town,21,76,27.631578947368425
Kentish Town West,2,120,1.6666666666666667
Kenton,28,93,30.107526881720432
Kents Bank,0,10,0.0
Kettering,46,87,52.87356321839081
Kew Bridge,2,18,11.11111111111111
Kew Gardens,1,52,1.9230769230769231
Keyham,0,2,0.0
Keynsham,0,15,0.0
Kidbrooke,0,60,0.0
Kidderminster,0,2,0.0
Kidsgrove,3,18,16.666666666666664
Kidwelly,0,6,0.0
Kilburn High Road,0,21,0.0
Kildonan,0,1,0.0
Kilgetty,0,2,0.0
Kilmarnock,0,6,0.0
Kilmaurs,0,15,0.0
Kilpatrick,0,10,0.0
Kilwinning,0,52,0.0
Kinbrace,0,2,0.0
Kingham,0,10,0.0
Kinghorn,2,24,8.333333333333332
Kings Langley,2,12,16.666666666666664
Kings Norton,0,34,0.0
Kings Park,0,23,0.0
Kings Sutton,0,22,0.0
Kingsknowe,0,5,0.0
Kingston,0,22,0.0
Kingswood,0,12,0.0
Kingussie,1,8,12.5
Kintbury,0,8,0.0
Kirby Cross,0,3,0.0
Kirk Sandall,0,7,0.0
Kirkby,0,15,0.0
Kirkby Stephen,0,6,0.0
Kirkby in Ashfield,0,16,0.0
Kirkby-in-Furness,0,3,0.0
Kirkcaldy,5,33,15.151515151515152
Kirkconnel,0,3,0.0
Kirkdale,1,67,1.4925373134328357
Kirkham & Wesham,2,22,9.090909090909092
Kirkhill,0,19,0.0
Kirknewton,0,6,0.0
Kirkstall Forge,0,5,0.0
Kirkwood,0,32,0.0
Kirton Lindsey,0,2,0.0
Kiveton Bridge,1,3,33.33333333333333
Kiveton Park,1,3,33.33333333333333
Knaresborough,0,27,0.0
Knebworth,2,35,5.714285714285714
Knockholt,0,29,0.0
Knutsford,0,2,0.0
LADY668,0,1,0.0
LADYBHL,3,6,50.0
LANARKJ,0,1,0.0
LANC248,4,4,100.0
LAND70,0,1,0.0
LARAJN,1,2,50.0
LEAJ,0,3,0.0
LEEDSWJ,0,2,0.0
LEST399,6,8,75.0
LISK9,0,1,0.0
LISKDGF,0,1,0.0
LIVSTLL,14,231,6.0606060606060606
LNGLNDJ,0,1,0.0
LNGSDGL,0,1,0.0
LNGSTN,8,16,50.0
LNLTUPL,2,2,100.0
LOWF203,0,1,0.0
LRKFLDJ,5,8,62.5
LSTOKNJ,2,2,100.0
LSTOKSJ,2,2,100.0
LTCEADL,47,55,85.45454545454545
LTCEREC,43,49,87.75510204081633
LTLH11,2,6,33.33333333333333
LTLHWSR,1,1,100.0
LVRPCRS,1,24,4.166666666666666
Ladybank,2,17,11.76470588235294
Ladywell,0,20,0.0
Laindon,0,74,0.0
Lairg,0,1,0.0
Lake (Isle of Wight),0,3,0.0
Lamphey,0,1,0.0
Lancaster,3,63,4.761904761904762
Lancing,0,70,0.0
Landywood,1,18,5.555555555555555
Langbank,0,21,0.0
Langho,1,1,100.0
Langley (Berks),5,48,10.416666666666668
Langley Green,0,7,0.0
Langley Mill,4,14,28.57142857142857
Langside,0,23,0.0
Langwathby,0,5,0.0
Langwith - Whaley Thorns,0,5,0.0
Lapworth,0,21,0.0
Larbert,0,21,0.0
Laurencekirk,0,7,0.0
Lawrence Hill,0,11,0.0
Layton (Lancs),0,3,0.0
Lazonby & Kirkoswald,0,5,0.0
Lea Bridge,2,39,5.128205128205128
Lea Green,0,25,0.0
Lea Hall,1,12,8.333333333333332
Leagrave,6,79,7.59493670886076
Leamington Spa,1,81,1.2345679012345678
Leasowe,1,51,1.9607843137254901
Leatherhead,0,24,0.0
Ledbury,0,2,0.0
Lee,0,67,0.0
Leeds,10,140,7.142857142857142
Leicester,18,66,27.27272727272727
Leigh (Kent),0,11,0.0
Leigh-on-Sea,0,104,0.0
Leighton Buzzard,9,38,23.684210526315788
Lelant,0,2,0.0
Lenham,1,14,7.142857142857142
Lenzie,0,5,0.0
Leominster,0,5,0.0
Letchworth,8,61,13.114754098360656
Leuchars,3,13,23.076923076923077
Levenshulme,0,10,0.0
Lewes,0,48,0.0
Lewisham,0,135,0.0
Leyland,0,9,0.0
Leyton Midland Road,0,59,0.0
Leytonstone High Road,0,54,0.0
Lichfield City,0,29,0.0
Lichfield Trent Valley,8,24,33.33333333333333
Lidlington,0,2,0.0
Limehouse,0,106,0.0
Lincoln Central,0,13,0.0
Lingfield,2,21,9.523809523809524
Lingwood,0,4,0.0
Linlithgow,3,41,7.317073170731707
Liphook,1,10,10.0
Liskeard,0,24,0.0
Liss,1,5,20.0
Lisvane & Thornhill,4,32,12.5
Little Kimble,0,19,0.0
Little Sutton,0,32,0.0
Littleborough,0,10,0.0
Littlehampton,1,8,12.5
Littlehaven,4,24,16.666666666666664
Littleport,0,9,0.0
Liverpool Central,0,58,0.0
Liverpool Central Loop Line,0,112,0.0
Liverpool James Street,0,211,0.0
Liverpool Lime Street,13,22,59.09090909090909
Liverpool Lime Street Low Level,0,103,0.0
Liverpool South Parkway,6,106,5.660377358490567
Livingston North,0,22,0.0
Livingston South,0,10,0.0
Llanaber,0,1,0.0
Llanbedr,0,2,0.0
Llanbradach,2,36,5.555555555555555
Llandaf,2,38,5.263157894736842
Llandecwyn,0,2,0.0
Llandeilo,0,3,0.0
Llandudno Junction,0,14,0.0
Llandybie,0,1,0.0
Llanelli,0,17,0.0
Llanfairfechan,0,1,0.0
Llanfairpwll,0,2,0.0
Llangadog,0,2,0.0
Llangennech,0,1,0.0
Llanharan,2,9,22.22222222222222
Llanhilleth,0,9,0.0
Llanishen,4,28,14.285714285714285
Llansamlet,0,2,0.0
Llantwit Major,2,14,14.285714285714285
Llanwrda,0,3,0.0
Llanwrtyd,0,1,0.0
Llwyngwril,0,1,0.0
Llwynypia,1,13,7.6923076923076925
Loch Eil Outward Bound,0,2,0.0
Lochailort,0,4,0.0
Locheilside,0,2,0.0
Lochgelly,0,8,0.0
Lochwinnoch,0,25,0.0
Lockerbie,3,24,12.5
Lockwood,2,5,40.0
London Blackfriars,13,187,6.951871657754011
London Bridge,10,425,2.3529411764705883
London Fields,1,42,2.380952380952381
London Liverpool Street,1,9,11.11111111111111
London Road (Brighton),0,16,0.0
London Road (Guildford),0,14,0.0
London St Pancras International,0,1,0.0
London St Pancras International LL,12,226,5.3097345132743365
London Victoria,0,2,0.0
London Waterloo East,2,188,1.0638297872340425
Long Buckby,2,28,7.142857142857142
Long Eaton,2,42,4.761904761904762
Long Preston,0,3,0.0
Longbeck,0,7,0.0
Longbridge,0,38,0.0
Longcross,0,6,0.0
Longfield,0,22,0.0
Longniddry,0,8,0.0
Longport,1,8,12.5
Longton,1,3,33.33333333333333
Lostock,0,7,0.0
Lostock Gralam,0,2,0.0
Lostock Hall,0,6,0.0
Lostwithiel,0,10,0.0
Loughborough (Leics),0,40,0.0
Loughborough Junction,0,33,0.0
Low Moor,0,9,0.0
Lowdham,0,11,0.0
Lower Sydenham,0,26,0.0
Ludlow,0,8,0.0
Luton,14,88,15.909090909090908
Luton Airport Parkway,11,118,9.322033898305085
Luxulyan,0,3,0.0
Lydney,2,16,12.5
Lye (West Midlands),0,9,0.0
Lymington Town,0,3,0.0
Lympstone Commando,0,5,0.0
Lympstone Village,0,7,0.0
Lytham,0,4,0.0
MAGHNTH,1,101,0.9900990099009901
MARYUTS,0,1,0.0
MELROSE,0,1,0.0
MLLF,15,37,40.54054054054054
MLTNJN,21,21,100.0
MLTNS3,20,20,100.0
MLVRNWL,0,6,0.0
MNCRVRS,1,2,50.0
MNTGLCW,5,8,62.5
MNTGLDJ,3,7,42.857142857142854
MOSEUPY,3,5,60.0
MOYY,0,1,0.0
MRLNJN,3,6,50.0
MRPTHRS,1,1,100.0
MSBTN,0,11,0.0
MWRWSTN,0,3,0.0
Macclesfield,3,62,4.838709677419355
Machynlleth,0,4,0.0
Maesteg (Ewenny Road),2,12,16.666666666666664
Maghull,1,55,1.8181818181818181
Maidenhead,2,67,2.9850746268656714
Maidstone Barracks,0,16,0.0
Maidstone East,1,15,6.666666666666667
Maidstone West,0,11,0.0
Malden Manor,0,7,0.0
Malton,0,4,0.0
Malvern Link,0,3,0.0
Manchester Airport,0,3,0.0
Manchester Oxford Road,2,67,2.9850746268656714
Manchester Piccadilly,8,88,9.090909090909092
Manchester Victoria,7,64,10.9375
Manea,0,5,0.0
Manningtree,0,14,0.0
Manor Park,1,123,0.8130081300813009
Manor Road,1,52,1.9230769230769231
Manorbier,0,1,0.0
Manors,0,6,0.0
Mansfield,0,16,0.0
Mansfield Woodhouse,0,11,0.0
March,0,10,0.0
Marden,1,30,3.3333333333333335
Margate,2,27,7.4074074074074066
Market Harborough,0,12,0.0
Market Rasen,0,4,0.0
Markinch,2,20,10.0
Marks Tey,1,18,5.555555555555555
Marple,2,5,40.0
Marsden,0,9,0.0
Marske,0,5,0.0
Marston Green,1,17,5.88235294117647
Martin Mill,0,13,0.0
Martins Heron,0,14,0.0
Marton,0,3,0.0
Maryhill,0,1,0.0
Maryland,1,130,0.7692307692307693
Maryport,0,5,0.0
Matlock,0,4,0.0
Matlock Bath,0,3,0.0
Mauldeth Road,0,7,0.0
Maxwell Park,0,25,0.0
Maze Hill,2,63,3.1746031746031744
Meadowhall,4,53,7.547169811320755
Meldreth,4,15,26.666666666666668
Melksham,0,5,0.0
Melton (Suffolk),0,2,0.0
Melton Mowbray,41,50,82.0
Menston,0,12,0.0
Meols,1,55,1.8181818181818181
Meols Cop,0,1,0.0
Meopham,0,28,0.0
Merryton,0,25,0.0
Merstham,2,49,4.081632653061225
Merthyr Vale,0,8,0.0
Metheringham,0,2,0.0
Metrocentre,0,10,0.0
Mexborough,0,1,0.0
Micheldever,0,9,0.0
Micklefield,0,6,0.0
Middlesbrough,1,37,2.7027027027027026
Middlewood,0,2,0.0
Midgham,0,7,0.0
Milford (Surrey),1,2,50.0
Mill Hill (Lancs),0,5,0.0
Mill Hill Broadway,11,99,11.11111111111111
Millbrook (Beds),0,5,0.0
Millbrook (Hants),0,4,0.0
Milliken Park,0,21,0.0
Millom,0,5,0.0
Mills Hill (Manchester),0,9,0.0
Milton Keynes Central,8,85,9.411764705882353
Minffordd,0,2,0.0
Minster,0,11,0.0
Mirfield,1,13,7.6923076923076925
Mistley,0,5,0.0
Mitcham Eastfields,0,25,0.0
Mitcham Junction,0,33,0.0
Mobberley,0,2,0.0
Monifieth,0,1,0.0
Monks Risborough,0,11,0.0
Montpelier,0,7,0.0
Montrose,2,14,14.285714285714285
Moorfields,1,238,0.42016806722689076
Moorthorpe,0,3,0.0
Morar,0,2,0.0
Morchard Road,0,5,0.0
Morden South,0,12,0.0
Moreton (Dorset),2,8,25.0
Moreton (Merseyside),1,54,1.8518518518518516
Moreton-in-Marsh,0,10,0.0
Morfa Mawddach,0,1,0.0
Morley,1,2,50.0
Morpeth,11,36,30.555555555555557
Mortimer,0,15,0.0
Mortlake,0,15,0.0
Moses Gate,0,1,0.0
Moss Side,0,4,0.0
Mossley (Manchester),0,7,0.0
Mossley Hill,0,5,0.0
Mosspark,0,22,0.0
Moston,0,9,0.0
Motherwell,2,53,3.7735849056603774
Motspur Park,0,19,0.0
Mottingham,0,70,0.0
Mottisfont & Dunbridge,0,5,0.0
Mouldsworth,0,2,0.0
Moulsecoomb,0,19,0.0
Mount Florida,0,52,0.0
Mount Vernon,0,41,0.0
Mountain Ash,1,24,4.166666666666666
Muir of Ord,0,3,0.0
Muirend,0,25,0.0
Musselburgh,0,12,0.0
Mytholmroyd,0,9,0.0
NEILTBS,9,9,100.0
NEWHVNM,2,2,100.0
NEWTNJ,0,1,0.0
NMPTNNJ,3,3,100.0
NNRYSQU,0,1,0.0
NPLE813,0,2,0.0
NRCH149,5,5,100.0
NRTNJN,0,5,0.0
NTHMRCL,0,1,0.0
NTNGMCS,2,2,100.0
NTNGPCS,0,1,0.0
NWBG,0,2,0.0
NWCSRC,10,17,58.82352941176471
NWCSTLL,12,19,63.1578947368421
NWTLWJ,0,2,0.0
Nafferton,0,7,0.0
Nailsea & Backwell,0,13,0.0
Nairn,0,3,0.0
Nantwich,0,6,0.0
Narberth,0,1,0.0
Narborough,0,4,0.0
Navigation Road,0,1,0.0
Neath,3,30,10.0
Needham Market,0,9,0.0
Neilston,0,1,0.0
Nelson,1,1,100.0
Neston,0,16,0.0
Netherfield,1,6,16.666666666666664
Netley,0,4,0.0
New Barnet,2,25,8.0
New Beckenham,0,22,0.0
New Clee,0,2,0.0
New Cross,0,60,0.0
New Cross Gate,0,43,0.0
New Cross Gate ELL,10,34,29.411764705882355
New Cumnock,0,7,0.0
New Eltham,0,76,0.0
New Holland,0,2,0.0
New Hythe,0,17,0.0
New Malden,1,36,2.7777777777777777
New Mills Newtown,0,5,0.0
New Milton,3,19,15.789473684210526
New Pudsey,2,31,6.451612903225806
New Southgate,2,23,8.695652173913043
Newark Castle,0,8,0.0
Newark North Gate,3,44,6.8181818181818175
Newbridge,0,11,0.0
Newbury,0,18,0.0
Newbury Racecourse,0,5,0.0
Newcastle,31,133,23.308270676691727
Newcourt,0,13,0.0
Newcraighall,0,9,0.0
Newhaven Harbour,0,7,0.0
Newhaven Town,0,15,0.0
Newington,2,16,12.5
Newmarket,0,4,0.0
Newport (Essex),10,16,62.5
Newport (S Wales),3,48,6.25
Newstead,0,13,0.0
Newton (S Lanarks),10,55,18.181818181818183
Newton Abbot,0,101,0.0
Newton Aycliffe,0,9,0.0
Newton St Cyres,0,1,0.0
Newton for Hyde,0,6,0.0
Newton-le-Willows,0,28,0.0
Newton-on-Ayr,0,25,0.0
Newtongrange,0,7,0.0
Newtonmore,0,3,0.0
Newtown (Powys),0,4,0.0
Ninian Park,2,12,16.666666666666664
Nitshill,0,22,0.0
Norbiton,0,23,0.0
Norbury,0,34,0.0
Normans Bay,0,16,0.0
Normanton,0,6,0.0
North Camp,3,22,13.636363636363635
North Dulwich,0,20,0.0
North Fambridge,0,7,0.0
North Queensferry,1,17,5.88235294117647
North Road,0,9,0.0
North Sheen,0,15,0.0
North Walsham,0,4,0.0
North Wembley,28,92,30.434782608695656
Northallerton,7,43,16.27906976744186
Northampton,3,27,11.11111111111111
Northfield,0,41,0.0
Northfleet,1,43,2.3255813953488373
Northolt Park,0,26,0.0
Northumberland Park,1,27,3.7037037037037033
Northwich,0,1,0.0
Norwich,31,34,91.17647058823529
Norwood Junction,2,84,2.380952380952381
Nottingham,0,24,0.0
Nuneaton,4,56,7.142857142857142
Nunhead,2,42,4.761904761904762
Nunthorpe,0,1,0.0
Nutbourne,0,26,0.0
Nutfield,0,7,0.0
OREESDG,5,17,29.411764705882355
OXFDDTB,9,10,90.0
OXFDUCS,1,4,25.0
OXHYSGL,2,2,100.0
OXTE306,0,1,0.0
Oakengates,0,12,0.0
Oakham,20,27,74.07407407407408
Oakleigh Park,2,29,6.896551724137931
Ockendon,0,27,0.0
Ockley,0,5,0.0
Old Hill,0,10,0.0
Old Roan,1,58,1.7241379310344827
Old Street,7,58,12.068965517241379
Oldfield Park,0,12,0.0
Olton,0,8,0.0
Ore,0,6,0.0
Orpington,1,64,1.5625
Orrell Park,1,50,2.0
Otford,3,59,5.084745762711865
Oulton Broad North,0,4,0.0
Oulton Broad South,0,4,0.0
Outwood,0,15,0.0
Overpool,0,34,0.0
Overton,0,7,0.0
Oxenholme Lake District,2,34,5.88235294117647
Oxford,8,58,13.793103448275861
Oxford Parkway,0,64,0.0
Oxshott,0,3,0.0
Oxted,2,23,8.695652173913043
PADTLL,23,129,17.829457364341085
PALL,15,36,41.66666666666667
PBRO458,4,4,100.0
PBROKLB,0,5,0.0
PBROSTI,0,4,0.0
PELAWTW,12,23,52.17391304347826
PENGAMS,2,2,100.0
PERTH61,3,3,100.0
PKLNJN,0,1,0.0
PLMD818,2,2,100.0
PLMDCL,1,3,33.33333333333333
PLYM131,1,1,100.0
PORTOBL,3,4,75.0
PRNCSTG,1,3,33.33333333333333
PRSTRJN,0,1,0.0
PRSTSHL,12,14,85.71428571428571
PTWYPR,0,11,0.0
PTYP730,0,2,0.0
PYECRNR,0,9,0.0
Paddock Wood,1,23,4.3478260869565215
Padgate,0,4,0.0
Paisley Gilmour Street,0,111,0.0
Paisley St James,0,20,0.0
Palmers Green,3,29,10.344827586206897
Pangbourne,0,6,0.0
Pannal,0,18,0.0
Pantyffynnon,0,2,0.0
Par,0,17,0.0
Parbold,0,6,0.0
Park Street,0,1,0.0
Parkstone (Dorset),2,23,8.695652173913043
Parson Street,0,5,0.0
Partick,12,116,10.344827586206897
Parton,0,10,0.0
Patricroft,0,5,0.0
Patterton,0,21,0.0
Peckham Rye,2,71,2.8169014084507045
Pegswood,0,2,0.0
Pembrey & Burry Port,0,12,0.0
Pembroke,0,1,0.0
Penally,0,2,0.0
Pencoed,2,16,12.5
Pengam,2,25,8.0
Penge East,0,32,0.0
Penge West,0,32,0.0
Penhelig,0,4,0.0
Penistone,2,9,22.22222222222222
Penkridge,0,14,0.0
Penmaenmawr,0,3,0.0
Penmere,0,6,0.0
Penrhiwceiber,1,21,4.761904761904762
Penrhyndeudraeth,0,2,0.0
Penrith North Lakes,3,28,10.714285714285714
Penryn,0,2,0.0
Pensarn (Gwynedd),0,1,0.0
Penshurst,0,10,0.0
Pentre-Bach,0,9,0.0
Penychain,0,2,0.0
Penyffordd,0,19,0.0
Perranwell,0,6,0.0
Perry Barr,0,14,0.0
Pershore,0,11,0.0
Perth,4,18,22.22222222222222
Peterborough,3,76,3.9473684210526314
Petersfield,2,18,11.11111111111111
Petts Wood,1,86,1.1627906976744187
Pevensey & Westham,0,18,0.0
Pewsey,0,7,0.0
Pinhoe,1,6,16.666666666666664
Pitlochry,1,7,14.285714285714285
Pitsea,0,71,0.0
Pleasington,0,9,0.0
Pluckley,0,24,0.0
Plumley,0,2,0.0
Plumpton,0,18,0.0
Plumstead,2,76,2.631578947368421
Plymouth,6,30,20.0
Pokesdown,3,19,15.789473684210526
Polegate,0,56,0.0
Pollokshaws East,0,25,0.0
Pollokshaws West,0,44,0.0
Pollokshields East,0,36,0.0
Pollokshields West,0,20,0.0
Polmont,0,31,0.0
Polsloe Bridge,0,7,0.0
Ponders End,0,12,0.0
Pont-y-Pant,0,1,0.0
Pontarddulais,0,1,0.0
Pontefract Monkhill,0,5,0.0
Pontefract Tanshelf,0,3,0.0
Pontlottyn,0,9,0.0
Pontyclun,2,9,22.22222222222222
Pontypool & New Inn,0,10,0.0
Pontypridd,3,57,5.263157894736842
Poole,2,14,14.285714285714285
Poppleton,0,14,0.0
Port Glasgow,0,45,0.0
Port Sunlight,0,102,0.0
Port Talbot Parkway,3,30,10.0
Portchester,0,26,0.0
Porth,2,11,18.181818181818183
Porthmadog,0,3,0.0
Portlethen,0,2,0.0
Portslade,0,71,0.0
Portsmouth & Southsea,4,51,7.8431372549019605
Portsmouth Arms,0,1,0.0
Possilpark & Parkhouse,0,2,0.0
Potters Bar,4,53,7.547169811320755
Poulton-le-Fylde,2,17,11.76470588235294
Poynton,1,4,25.0
Prees,0,2,0.0
Prescot,0,8,0.0
Prestatyn,0,10,0.0
Prestbury,1,4,25.0
Preston,13,107,12.149532710280374
Preston Park,4,70,5.714285714285714
Prestonpans,0,11,0.0
Prestwick,0,29,0.0
Prestwick Intl Airport,0,31,0.0
Priesthill & Darnley,0,22,0.0
Princes Risborough,0,68,0.0
Prittlewell,15,27,55.55555555555556
Prudhoe,0,17,0.0
Pulborough,0,21,0.0
Purfleet,0,35,0.0
Purley,7,50,14.000000000000002
Purley Oaks,1,17,5.88235294117647
Putney,4,60,6.666666666666667
Pyle,0,8,0.0
Quakers Yard,0,11,0.0
Queenborough,0,6,0.0
Queens Park (Glasgow),0,43,0.0
Queens Park (London),34,152,22.36842105263158
Queens Road Peckham,0,46,0.0
Queenstown Road (Battersea),0,37,0.0
Quintrell Downs,0,1,0.0
RAM5143,0,2,0.0
RAM5145,0,1,0.0
RAMMIEX,0,3,0.0
RAMMKEX,0,9,0.0
RAMSDRW,1,4,25.0
RAMSUSW,3,3,100.0
RBRYSTN,0,5,0.0
RCKRSCT,2,4,50.0
RDNGKBL,1,2,50.0
RDNGNJN,0,1,0.0
RDNGTCC,2,2,100.0
REDGGPK,0,10,0.0
REDGWJN,2,2,100.0
RESTSTN,4,7,57.14285714285714
ROCK722,0,4,0.0
RTHGNEJ,0,2,0.0
RTHGNWJ,2,2,100.0
Radcliffe (Notts),1,7,14.285714285714285
Radlett,11,94,11.702127659574469
Radley,0,14,0.0
Radyr,3,55,5.454545454545454
Rainford,0,4,0.0
Rainham (Kent),4,41,9.75609756097561
Rainham (London),0,33,0.0
Rainhill,0,6,0.0
Ramsgate,0,11,0.0
Ramsgreave & Wilpshire,1,1,100.0
Rannoch,0,1,0.0
Rauceby,1,1,100.0
Ravenglass,0,7,0.0
Ravensbourne,2,41,4.878048780487805
Ravensthorpe,1,4,25.0
Rayleigh,17,34,50.0
Raynes Park,1,56,1.7857142857142856
Reading,17,191,8.900523560209423
Reading West,0,19,0.0
Rectory Road,1,39,2.564102564102564
Redbridge (Hants),0,8,0.0
Redcar Central,0,14,0.0
Redcar East,0,8,0.0
Reddish North,0,1,0.0
Redhill,25,86,29.069767441860467
Redland,0,6,0.0
Redruth,0,17,0.0
Reedham (Norfolk),0,3,0.0
Reedham (Surrey),0,7,0.0
Reigate,3,12,25.0
Renton,0,6,0.0
Retford,0,33,0.0
Retford Low Level,1,10,10.0
Rhiwbina,6,9,66.66666666666666
Rhoose,2,13,15.384615384615385
Rhyl,0,10,0.0
Ribblehead,0,4,0.0
Rice Lane,0,17,0.0
Richmond (London),2,32,6.25
Richmond NLL,0,12,0.0
Rickmansworth,0,12,0.0
Riddlesdown,1,14,7.142857142857142
Ridgmont,0,3,0.0
Riding Mill,0,3,0.0
Risca & Pontymister,0,12,0.0
Rishton,1,6,16.666666666666664
Robertsbridge,1,28,3.571428571428571
Roby,0,16,0.0
Rochdale,1,33,3.0303030303030303
Roche,0,1,0.0
Rochester,5,78,6.41025641025641
Rochford,17,32,53.125
Rock Ferry,0,107,0.0
Rogart,0,1,0.0
Rogerstone,0,10,0.0
Rolleston,0,5,0.0
Roman Bridge,0,1,0.0
Romford,1,126,0.7936507936507936
Romiley,0,7,0.0
Romsey,0,15,0.0
Roose,0,6,0.0
Rose Grove,1,5,20.0
Rosyth,1,14,7.142857142857142
Rotherham Central,0,16,0.0
Rotherhithe,0,83,0.0
Roughton Road,0,2,0.0
Rowlands Castle,1,7,14.285714285714285
Rowley Regis,0,17,0.0
Roy Bridge,0,1,0.0
Roydon,11,30,36.666666666666664
Royston,5,57,8.771929824561402
Ruabon,0,5,0.0
Rufford,0,2,0.0
Rugby,7,82,8.536585365853659
Rugeley Town,2,18,11.11111111111111
Rugeley Trent Valley,8,16,50.0
Runcorn,4,41,9.75609756097561
Runcorn East,0,7,0.0
Ruskington,0,2,0.0
Rutherglen,10,94,10.638297872340425
Ryde Esplanade,0,3,0.0
Ryde St Johns Road,0,5,0.0
Ryder Brow,0,2,0.0
Rye,0,5,0.0
Rye House,1,9,11.11111111111111
SDONCBY,15,15,100.0
SGOS,10,16,62.5
SHEETSJ,0,3,0.0
SHEFARE,0,1,0.0
SHEFCAS,0,1,0.0
SHEFCIR,0,1,0.0
SHEFFIT,0,1,0.0
SHEFHYD,0,1,0.0
SHENFUL,1,1,100.0
SHLDNO1,8,9,88.88888888888889
SHRWBAF,0,1,0.0
SKELTON,0,4,0.0
SKLWJN,0,5,0.0
SLADGEX,0,6,0.0
SLHRTS2,0,1,0.0
SLOU538,0,3,0.0
SLSB215,0,1,0.0
SLSB217,0,1,0.0
SLSB240,4,6,66.66666666666666
SLSBRCL,2,2,100.0
SOHAM,0,5,0.0
SOHONJ,1,4,25.0
SOTOUGL,0,2,0.0
SPNY205,14,16,87.5
SPRB,9,12,75.0
STAI606,0,1,0.0
STALBCS,64,80,80.0
STBLAZY,0,2,0.0
STDI,12,27,44.44444444444444
STFD295,4,4,100.0
STFORDI,0,22,0.0
STKP288,0,1,0.0
STLNSHN,16,18,88.88888888888889
STOK527,3,3,100.0
STOMSTN,0,1,0.0
STOTS17,1,5,20.0
STRH658,10,13,76.92307692307693
STRHUSW,20,29,68.96551724137932
STRO630,0,2,0.0
STRW257,0,1,0.0
STSNJN,0,3,0.0
STWTJN,0,1,0.0
SVNOCHS,3,4,75.0
SVNOGUS,6,8,75.0
SWLWJN,0,1,0.0
Salford Central,1,19,5.263157894736842
Salford Crescent,1,33,3.0303030303030303
Salfords (Surrey),2,20,10.0
Salhouse,0,2,0.0
Salisbury,2,24,8.333333333333332
Saltaire,0,17,0.0
Saltash,0,11,0.0
Saltcoats,0,21,0.0
Saltmarshe,0,3,0.0
Salwick,0,1,0.0
Sandal & Agbrigg,0,9,0.0
Sandbach,0,11,0.0
Sanderstead,2,15,13.333333333333334
Sandhills,10,147,6.802721088435375
Sandhurst,2,10,20.0
Sandling,1,19,5.263157894736842
Sandown,0,1,0.0
Sandplace,0,1,0.0
Sandwell & Dudley,4,52,7.6923076923076925
Sandwich,0,11,0.0
Sandy,0,23,0.0
Sanquhar,0,3,0.0
Sarn,2,9,22.22222222222222
Saundersfoot,0,1,0.0
Saunderton,0,28,0.0
Sawbridgeworth,11,36,30.555555555555557
Saxilby,1,7,14.285714285714285
Saxmundham,0,1,0.0
Scotscalder,0,1,0.0
Scotstounhill,2,55,3.6363636363636362
Scunthorpe,0,13,0.0
Sea Mills,0,9,0.0
Seaburn,12,25,48.0
Seaforth & Litherland,9,75,12.0
Seamer,0,4,0.0
Seascale,0,7,0.0
Seaton Carew,0,5,0.0
Seer Green,0,28,0.0
Selby,9,33,27.27272727272727
Selhurst,0,37,0.0
Sellafield,0,8,0.0
Selling,2,18,11.11111111111111
Selly Oak,0,43,0.0
Settle,0,2,0.0
Seven Kings,1,132,0.7575757575757576
Seven Sisters,5,53,9.433962264150944
Sevenoaks,2,85,2.3529411764705883
Severn Tunnel Junction,2,6,33.33333333333333
Shadwell,0,80,0.0
Shalford (Surrey),2,13,15.384615384615385
Shawfair,0,8,0.0
Shawford,0,7,0.0
Shawlands,0,27,0.0
Sheffield,5,117,4.273504273504273
Shelford (Cambs),8,13,61.53846153846154
Shenfield,1,46,2.1739130434782608
Shenstone,0,31,0.0
Shepherds Bush,0,43,0.0
Shepherds Well,1,16,6.25
Shepley,2,4,50.0
Shepreth,4,15,26.666666666666668
Sherborne,0,6,0.0
Sherburn-in-Elmet,0,10,0.0
Shettleston,4,22,18.181818181818183
Shieldmuir,0,19,0.0
Shifnal,0,18,0.0
Shildon,0,6,0.0
Shiplake,0,3,0.0
Shipley,0,35,0.0
Shipton,0,1,0.0
Shirebrook,0,10,0.0
Shirehampton,0,13,0.0
Shireoaks,1,7,14.285714285714285
Shirley,1,4,25.0
Sholing,0,7,0.0
Shoreditch High Street,0,69,0.0
Shoreham (Kent),1,40,2.5
Shoreham-by-Sea (Sussex),0,67,0.0
Shortlands,2,70,2.857142857142857
Shotton,0,5,0.0
Shotton High Level,0,17,0.0
Shotts,0,15,0.0
Shrewsbury,0,19,0.0
Sidcup,0,81,0.0
Sileby,0,5,0.0
Silecroft,0,3,0.0
Silkstone Common,1,6,16.666666666666664
Silver Street,1,40,2.5
Silverdale,0,4,0.0
Singer,3,35,8.571428571428571
Sittingbourne,4,41,9.75609756097561
Skewen,0,3,0.0
Skipton,0,7,0.0
Slade Green,2,74,2.7027027027027026
Slaithwaite,0,7,0.0
Slateford,0,8,0.0
Sleaford,1,10,10.0
Slough,5,85,5.88235294117647
Small Heath,0,10,0.0
Smethwick Galton Bridge,1,34,2.941176470588235
Smethwick Galton Bridge High Level,0,9,0.0
Smethwick Rolfe Street,1,18,5.555555555555555
Smithy Bridge,0,3,0.0
Snodland,0,18,0.0
Snowdown,1,14,7.142857142857142
Sole Street,0,18,0.0
Solihull,0,77,0.0
Somerleyton,0,4,0.0
South Acton,1,47,2.127659574468085
South Bank,0,3,0.0
South Bermondsey,0,21,0.0
South Croydon,2,25,8.0
South Elmsall,0,7,0.0
South Greenford,0,8,0.0
South Gyle,2,21,9.523809523809524
South Hampstead,0,18,0.0
South Kenton,28,92,30.434782608695656
South Merton,0,22,0.0
South Milford,0,6,0.0
South Ruislip,0,27,0.0
South Tottenham,0,63,0.0
South Wigston,0,2,0.0
South Woodham Ferrers,0,7,0.0
Southall,11,94,11.702127659574469
Southampton Airport Parkway,2,42,4.761904761904762
Southampton Central,2,66,3.0303030303030303
Southbourne,0,54,0.0
Southbury,1,11,9.090909090909092
Southease,0,7,0.0
Southend Airport,14,41,34.146341463414636
Southend Central,0,76,0.0
Southend East,0,83,0.0
Southend Victoria,1,2,50.0
Southwick,0,46,0.0
Sowerby Bridge,1,13,7.6923076923076925
Spalding,0,6,0.0
Spean Bridge,0,1,0.0
Spital,1,109,0.9174311926605505
Spondon,2,7,28.57142857142857
Spring Road,0,5,0.0
Springburn,1,7,14.285714285714285
Squires Gate,0,8,0.0
St Albans City,13,117,11.11111111111111
St Andrews Road,0,8,0.0
St Annes-on-the-Sea,0,6,0.0
St Austell,0,19,0.0
St Bees,0,10,0.0
St Budeaux Victoria Road,0,4,0.0
St Columb Road,0,1,0.0
St Denys,0,17,0.0
St Erth,0,18,0.0
St Germans,0,10,0.0
St Helens Central,0,4,0.0
St Helens Junction,0,7,0.0
St Helier (London),0,16,0.0
St James Park (Devon),0,7,0.0
St James Street (London),0,53,0.0
St Johns (London),0,50,0.0
St Keyne Wishing Well Halt (Rail Station),0,3,0.0
St Leonards Warrior Square,1,58,1.7241379310344827
St Margarets (Herts),1,10,10.0
St Margarets (London),0,19,0.0
St Mary Cray,2,53,3.7735849056603774
St Michaels,0,59,0.0
St Neots,1,36,2.7777777777777777
St Peters,12,28,42.857142857142854
Stafford,11,141,7.801418439716312
Staines,11,54,20.37037037037037
Stalybridge,0,26,0.0
Stamford,0,5,0.0
Stamford Hill,1,43,2.3255813953488373
Stanford-le-Hope,0,39,0.0
Stansted Mountfitchet,10,21,47.61904761904761
Staplehurst,1,28,3.571428571428571
Stapleton Road,0,13,0.0
Starbeck,0,13,0.0
Starcross,0,18,0.0
Staveley,0,2,0.0
Stechford,4,14,28.57142857142857
Steeton & Silsden,0,13,0.0
Stepps,0,8,0.0
Stevenage,9,147,6.122448979591836
Stevenston,0,22,0.0
Stewartby,0,2,0.0
Stewarton,0,15,0.0
Stirling,1,46,2.1739130434782608
Stockport,6,142,4.225352112676056
Stocksfield,0,4,0.0
Stocksmoor,2,5,40.0
Stockton,0,3,0.0
Stoke Mandeville,0,23,0.0
Stoke Newington,1,38,2.631578947368421
Stoke-on-Trent,10,95,10.526315789473683
Stone,1,9,11.11111111111111
Stone Crossing,1,67,1.4925373134328357
Stonebridge Park,28,90,31.11111111111111
Stonegate,0,23,0.0
Stonehaven,2,17,11.76470588235294
Stonehouse,0,11,0.0
Stoneleigh,0,14,0.0
Stourbridge Junction,0,10,0.0
Stow,0,11,0.0
Stowmarket,2,27,7.4074074074074066
Stratford (London),16,180,8.88888888888889
Stratford-upon-Avon,1,1,100.0
Stratford-upon-Avon Parkway,1,18,5.555555555555555
Strawberry Hill,0,8,0.0
Streatham,0,47,0.0
Streatham Common,0,30,0.0
Streatham Hill,21,48,43.75
Streethouse,0,3,0.0
Strines,0,2,0.0
Strood,1,35,2.857142857142857
Stroud (Glos),0,9,0.0
Sturry,0,14,0.0
Styal,0,1,0.0
Sudbury & Harrow Road,0,2,0.0
Sudbury Hill Harrow,0,7,0.0
Sugar Loaf,0,1,0.0
Summerston,0,3,0.0
Sunbury,0,6,0.0
Sunderland,28,74,37.83783783783784
Sundridge Park,0,12,0.0
Sunningdale,1,12,8.333333333333332
Sunnymeads,1,15,6.666666666666667
Surbiton,1,66,1.5151515151515151
Surrey Quays,0,95,0.0
Sutton (London),0,44,0.0
Sutton Coldfield,0,52,0.0
Sutton Common,0,19,0.0
Sutton Parkway,0,14,0.0
Swale,0,1,0.0
Swanley,2,72,2.7777777777777777
Swanscombe,1,58,1.7241379310344827
Swansea,0,10,0.0
Swanwick,0,24,0.0
Sway,1,7,14.285714285714285
Swaythling,0,13,0.0
Swinderby,0,4,0.0
Swindon,0,64,0.0
Swinton (Manchester),0,3,0.0
Swinton (South Yorks),0,8,0.0
Sydenham,0,65,0.0
Sydenham Hill,0,35,0.0
Syon Lane,2,19,10.526315789473683
Syston,0,3,0.0
TALRDIG,0,3,0.0
THANETP,0,21,0.0
THBD288,10,12,83.33333333333334
THBDBRD,1,2,50.0
THBDUSN,1,2,50.0
THBDUTE,3,4,75.0
THRNTSJ,1,1,100.0
TINSMEA,0,4,0.0
TISBRYL,0,3,0.0
TMPLMLP,2,2,100.0
TOMATIN,0,1,0.0
TONB160,1,2,50.0
TOTCTRD,15,222,6.756756756756757
TREMANS,0,1,0.0
TRNHMGN,0,4,0.0
TULS165,0,4,0.0
Tackley,0,7,0.0
Tadworth,0,14,0.0
Taffs Well,3,58,5.172413793103448
Tain,0,1,0.0
Talsarnau,0,3,0.0
Talybont,0,2,0.0
Tame Bridge Parkway,2,43,4.651162790697675
Tamworth,8,26,30.76923076923077
Tamworth High Level,1,63,1.5873015873015872
Taplow,1,31,3.225806451612903
Taunton,1,90,1.1111111111111112
Taynuilt,0,1,0.0
Teddington,0,17,0.0
Teignmouth,0,18,0.0
Telford Central,0,29,0.0
Templecombe,0,10,0.0
Tenby,0,1,0.0
Teynham,2,11,18.181818181818183
Thames Ditton,1,13,7.6923076923076925
Thatcham,2,20,10.0
Thatto Heath,0,5,0.0
The Hawthorns,0,8,0.0
The Lakes,0,1,0.0
Theale,2,17,11.76470588235294
Theobalds Grove,1,6,16.666666666666664
Thetford,0,2,0.0
Thirsk,1,10,10.0
Thornaby,1,28,3.571428571428571
Thorne North,0,4,0.0
Thorne South,0,5,0.0
Thornford,0,1,0.0
Thornliebank,0,20,0.0
Thornton Abbey,0,1,0.0
Thornton Heath,0,37,0.0
Thorntonhall,0,14,0.0
Thorpe Bay,0,75,0.0
Thorpe-le-Soken,0,5,0.0
Three Bridges,10,104,9.615384615384617
Three Oaks,0,6,0.0
Thurgarton,0,4,0.0
Thurnscoe,0,4,0.0
Thurston,0,8,0.0
Tilbury Town,0,39,0.0
Tile Hill,1,22,4.545454545454546
Tilehurst,0,9,0.0
Tipton,1,21,4.761904761904762
Tir-phil,0,8,0.0
Tisbury,0,8,0.0
Tiverton Parkway,1,74,1.3513513513513513
Todmorden,0,22,0.0
Tolworth,0,5,0.0
Ton Pentre,1,13,7.6923076923076925
Tonbridge,6,81,7.4074074074074066
Tondu,2,10,20.0
Tonfanau,0,1,0.0
Tonypandy,2,6,33.33333333333333
Tooting,0,22,0.0
Topsham,0,15,0.0
Torquay,0,13,0.0
Torre,0,11,0.0
Totnes,0,67,0.0
Tottenham Hale,14,97,14.432989690721648
Totton,1,5,20.0
Town Green,1,56,1.7857142857142856
Trafford Park,0,4,0.0
Trefforest,3,61,4.918032786885246
Trefforest Estate,2,63,3.1746031746031744
Trehafod,2,11,18.181818181818183
Treorchy,1,12,8.333333333333332
Trimley,0,7,0.0
Tring,9,28,32.142857142857146
Troed-y-Rhiw,0,7,0.0
Troon,0,30,0.0
Trowbridge,0,33,0.0
Truro,0,21,0.0
Tulloch,0,3,0.0
Tulse Hill,0,57,0.0
Tunbridge Wells,1,29,3.4482758620689653
Turkey Street,1,4,25.0
Tutbury & Hatton,1,3,33.33333333333333
Twickenham,2,40,5.0
Twyford,0,68,0.0
Ty Croes,0,2,0.0
Ty Glas,6,10,60.0
Tygwyn,0,1,0.0
Tyseley,8,15,53.333333333333336
UNIV,15,34,44.11764705882353
Uddingston,0,22,0.0
Ulleskelf,0,3,0.0
Ulverston,0,8,0.0
Umberleigh,0,2,0.0
University,0,56,0.0
Uphall,0,20,0.0
Upholland,0,1,0.0
Upminster,0,93,0.0
Upper Halliford,0,10,0.0
Upper Holloway,0,50,0.0
Upper Tyndrum,0,1,0.0
Upper Warlingham,1,18,5.555555555555555
Upton,0,20,0.0
Upwey,2,13,15.384615384615385
Urmston,0,9,0.0
Uttoxeter,1,3,33.33333333333333
Vauxhall,2,133,1.5037593984962405
Virginia Water,3,34,8.823529411764707
WBRNPKS,14,17,82.35294117647058
WCHAPXR,13,234,5.555555555555555
WCROYTB,0,3,0.0
WDBRNRD,0,1,0.0
WDONCSD,0,1,0.0
WEALINL,2,2,100.0
WEMBYS,0,2,0.0
WEYMJS,2,3,66.66666666666666
WHHSJN,3,3,100.0
WHRDJN,4,4,100.0
WIGADCS,4,5,80.0
WISBBUS,0,5,0.0
WKIR597,2,2,100.0
WLMSDRS,7,11,63.63636363636363
WLSDHLS,8,10,80.0
WLSDLUC,0,2,0.0
WLSDUDR,2,2,100.0
WLVR495,1,1,100.0
WNCBROJ,1,1,100.0
WOKI214,6,8,75.0
WOLWXR,9,121,7.43801652892562
WORCMSD,0,2,0.0
WORCPHL,0,13,0.0
WORCPWY,0,14,0.0
WORCSCS,0,3,0.0
WORCSGF,1,1,100.0
WORCT58,0,1,0.0
WORCTJN,0,3,0.0
WORCWLJ,1,1,100.0
WRGTCCS,11,18,61.111111111111114
WRGTWST,0,8,0.0
WRTINGJ,1,1,100.0
WSBRNRJ,0,3,0.0
WSTB722,8,8,100.0
WVRMCS,1,1,100.0
Waddon,0,22,0.0
Wadhurst,1,30,3.3333333333333335
Wainfleet,1,7,14.285714285714285
Wakefield Kirkgate,4,31,12.903225806451612
Wakefield Westgate,0,78,0.0
Walkden,0,4,0.0
Wallasey Grove Road,0,54,0.0
Wallasey Village,0,55,0.0
Wallington,0,29,0.0
Wallyford,0,11,0.0
Walmer,0,10,0.0
Walsall,2,20,10.0
Walsden,0,4,0.0
Waltham Cross,1,22,4.545454545454546
Walthamstow Central,0,56,0.0
Walthamstow Queens Road,0,62,0.0
Walton (Merseyside),1,52,1.9230769230769231
Walton-on-Thames,0,17,0.0
Wanborough,2,9,22.22222222222222
Wandsworth Common,0,37,0.0
Wandsworth Road,0,15,0.0
Wandsworth Town,2,46,4.3478260869565215
Wanstead Park,0,53,0.0
Wapping,0,77,0.0
Warblington,0,27,0.0
Ware,1,12,8.333333333333332
Wareham,2,15,13.333333333333334
Wargrave,0,6,0.0
Warminster,1,19,5.263157894736842
Warnham,0,5,0.0
Warrington Bank Quay,1,48,2.083333333333333
Warrington Central,2,31,6.451612903225806
Warwick,0,86,0.0
Warwick Parkway,0,55,0.0
Water Orton,0,2,0.0
Waterbeach,1,19,5.263157894736842
Wateringbury,0,13,0.0
Waterloo (Merseyside),9,74,12.162162162162163
Watford High Street,0,24,0.0
Watford Junction,10,58,17.24137931034483
Watford North,0,3,0.0
Watlington,0,8,0.0
Watton-at-Stone,0,15,0.0
Waun-gron Park,1,14,7.142857142857142
Wavertree Technology Park,0,12,0.0
Weeley,0,1,0.0
Weeton,0,13,0.0
Welham Green,2,23,8.695652173913043
Welling,1,72,1.3888888888888888
Wellingborough,46,69,66.66666666666666
Wellington (Shropshire),0,21,0.0
Welshpool,0,5,0.0
Welwyn Garden City,4,39,10.256410256410255
Welwyn North,2,26,7.6923076923076925
Wem,0,2,0.0
Wembley Central,29,95,30.526315789473685
Wembley Stadium,0,54,0.0
Wendover,0,23,0.0
West Allerton,0,4,0.0
West Brompton,0,39,0.0
West Byfleet,0,21,0.0
West Calder,0,18,0.0
West Croydon,0,29,0.0
West Drayton,5,52,9.615384615384617
West Dulwich,0,27,0.0
West Ealing,5,61,8.19672131147541
West Ham,0,119,0.0
West Hampstead,2,109,1.834862385321101
West Hampstead Thameslink,10,123,8.130081300813007
West Horndon,0,42,0.0
West Kilbride,0,8,0.0
West Malling,1,25,4.0
West Norwood,0,32,0.0
West Ruislip,0,16,0.0
West Runton,0,2,0.0
West St Leonards,0,19,0.0
West Sutton,0,14,0.0
West Wickham,0,19,0.0
West Worthing,0,41,0.0
Westbury (Wilts),8,42,19.047619047619047
Westcliff-on-Sea,0,95,0.0
Westcombe Park,2,61,3.278688524590164
Westenhanger,1,21,4.761904761904762
Wester Hailes,0,5,0.0
Westerfield,0,8,0.0
Westerton,10,42,23.809523809523807
Westgate-on-Sea,2,27,7.4074074074074066
Westhoughton,0,6,0.0
Weston Milton,0,8,0.0
Weston-super-Mare,0,13,0.0
Wetheral,0,4,0.0
Weybridge,0,25,0.0
Whaley Bridge,0,6,0.0
Whalley,1,2,50.0
Whatstandwell,0,2,0.0
Whifflet,0,25,0.0
Whimple,1,6,16.666666666666664
Whinhill,0,21,0.0
Whiston,0,9,0.0
Whitchurch (Cardiff),6,11,54.54545454545454
Whitchurch (Hants),0,8,0.0
Whitchurch (Shrops),0,8,0.0
White Hart Lane,1,43,2.3255813953488373
White Notley,0,5,0.0
Whitechapel,0,61,0.0
Whitecraigs,0,17,0.0
Whitehaven,0,7,0.0
Whitland,0,7,0.0
Whitlocks End,2,3,66.66666666666666
Whitstable,2,26,7.6923076923076925
Whittlesea,0,1,0.0
Whittlesford Parkway,10,23,43.47826086956522
Whitton,1,19,5.263157894736842
Whitwell (Derbys),0,8,0.0
Whyteleafe,0,13,0.0
Whyteleafe South,0,13,0.0
Wickford,16,38,42.10526315789473
Wickham Market,0,1,0.0
Widdrington,0,2,0.0
Widnes,0,12,0.0
Widney Manor,0,6,0.0
Wigan North Western,1,26,3.8461538461538463
Wigan Wallgate,4,18,22.22222222222222
Wigton,0,7,0.0
Wildmill,2,8,25.0
Willesden Junction,2,103,1.9417475728155338
Willesden Junction Low Level,62,204,30.392156862745097
Williamwood,0,20,0.0
Willington,0,3,0.0
Wilmcote,0,17,0.0
Wilmslow,3,35,8.571428571428571
Wilnecote (Staffs),0,9,0.0
Wimbledon,2,115,1.7391304347826086
Wimbledon Chase,0,17,0.0
Winchelsea,0,6,0.0
Winchester,2,56,3.571428571428571
Winchfield,0,13,0.0
Winchmore Hill,3,28,10.714285714285714
Winnersh,0,6,0.0
Winnersh Triangle,0,6,0.0
Winsford,0,15,0.0
Wishaw,1,25,4.0
Witham (Essex),6,29,20.689655172413794
Witley,1,3,33.33333333333333
Witton (West Midlands),0,11,0.0
Wivelsfield,0,60,0.0
Wivenhoe,0,4,0.0
Woburn Sands,0,2,0.0
Woking,2,78,2.564102564102564
Wokingham,3,27,11.11111111111111
Woldingham,1,13,7.6923076923076925
Wolverhampton,6,146,4.10958904109589
Wolverton,4,17,23.52941176470588
Wombwell,0,6,0.0
Wood End,0,1,0.0
Wood Street,0,51,0.0
Woodbridge,0,4,0.0
Woodgrange Park,0,54,0.0
Woodhall,0,21,0.0
Woodhouse,1,3,33.33333333333333
Woodlesford,0,7,0.0
Woodley,0,2,0.0
Woodmansterne,0,9,0.0
Woodsmoor,0,10,0.0
Wool,2,11,18.181818181818183
Woolston,0,25,0.0
Woolwich Arsenal,2,69,2.898550724637681
Woolwich Dockyard,1,50,2.0
Wootton Wawen,1,2,50.0
Worcester Foregate Street,0,8,0.0
Worcester Park,0,12,0.0
Worcester Shrub Hill,1,15,6.666666666666667
Workington,0,6,0.0
Worksop,1,10,10.0
Worle,0,15,0.0
Worplesdon,1,7,14.285714285714285
Worstead,0,3,0.0
Worthing,0,66,0.0
Wrabness,0,4,0.0
Wraysbury,1,17,5.88235294117647
Wrenbury,0,4,0.0
Wressle,0,1,0.0
Wrexham General,1,23,4.3478260869565215
Wye,0,11,0.0
Wylam,0,7,0.0
Wylde Green,0,53,0.0
Wymondham,0,1,0.0
Wythall,1,2,50.0
YORK656,30,37,81.08108108108108
Yalding,0,14,0.0
Yardley Wood,1,4,25.0
Yarm,1,8,12.5
Yate,0,11,0.0
Yatton,0,19,0.0
Yeoford,0,5,0.0
Yeovil Junction,0,8,0.0
Yeovil Pen Mill,2,4,50.0
Ynyswen,0,11,0.0
Yoker,2,51,3.9215686274509802
York,68,329,20.66869300911854
Yorton,0,2,0.0
Ystrad Mynach,2,36,5.555555555555555
Ystrad Rhondda,2,16,12.5
